sample,1,1:1,1:2,1:3,target
1,0.1506849315068490,0,0,0,0.2410776281072070
2,0.2020547945205480,0,0,0,0.2035828357172620
3,0.160958904109589,1,0,0,0.2619080683238440
4,0.1335616438356160,1,0,0,0.1459519511179000
5,0.2157534246575340,1,0,0,0.2987085127065690
6,0.2191780821917810,1,0,0,0.1501180391612280
7,0.184931506849315,0,0,0,0.3778641855297880
8,0.1679793094795430,1,0,0,0.2292737119844470
9,0.1027397260273970,0,0,0,0.1319261213720320
10,0.0993150684931506,0,0,0,0.1154006388001670
11,0.1678082191780820,0,0,0,0.1313706429662550
12,0.2191780821917810,1,0,0,0.4306346340786000
13,0.1679793094795430,0,1,0,0.15150673517567
14,0.2397260273972600,1,0,0,0.3396750451326210
15,0.1679793094795430,1,0,0,0.1695597833634220
16,0.1027397260273970,0,0,0,0.1348423830023610
17,0.1679793094795430,1,0,0,0.1584502152478820
18,0.1746575342465750,0,0,0,0.0765171503957783
19,0.1541095890410960,0,0,0,0.1723371753923070
20,0.1678082191780820,0,0,0,0.1445632551034580
21,0.273972602739726,1,0,0,0.4032773225940840
22,0.1232876712328770,0,0,0,0.1451187335092350
23,0.184931506849315,0,0,0,0.2709345924177200
24,0.0787671232876712,0,0,0,0.1319261213720320
25,0.1679793094795430,1,0,0,0.1653936953200940
26,0.3047945205479450,0,0,0,0.3074572975975560
27,0.1335616438356160,0,0,0,0.1387307318428000
28,0.2636986301369860,0,0,0,0.3764754895153450
29,0.0890410958904109,1,0,0,0.2396889320927650
30,0.1335616438356160,1,0,0,0.0466601860852659
31,0.0993150684931506,0,0,0,0.0070823496736564
32,0.1679793094795430,1,0,0,0.158936258852937
33,0.2191780821917810,0,0,0,0.2013609220941540
34,0.1678082191780820,1,0,0,0.1813636994861820
35,0.1335616438356160,0,0,0,0.3368976531037360
36,0.2979452054794520,0,0,0,0.3806415775586720
37,0.3116438356164380,0,0,0,0.1528954311901120
38,0.1815068493150690,0,0,0,0.164004999305652
39,0.160958904109589,0,0,0,0.1029023746701850
40,0.1506849315068490,0,0,0,0.0654075822802388
41,0.2157534246575340,0,0,0,0.173725871406749
42,0.3219178082191780,0,0,0,0.1876128315511730
43,0.1679793094795430,1,0,0,0.15150673517567
44,0.1679793094795430,1,0,0,0.1324121649770870
45,0.1678082191780820,0,0,0,0.1473406471323430
46,0.136986301369863,0,0,0,0.3957783641160950
47,0.0924657534246575,1,0,0,0.2843855020136090
48,0.2157534246575340,0,0,0,0.2982919039022360
49,0.0410958904109589,0,0,0,0.1084571587279540
50,0.1541095890410960,0,0,0,0.1278989029301490
51,0.1679793094795430,0,1,0,0.1973337036522710
52,0.1061643835616440,0,0,0,0.1105402027496180
53,0.3047945205479450,0,1,0,0.1042910706846270
54,0.160958904109589,1,0,0,0.4861824746562980
55,0.1335616438356160,0,0,0,0.1320649909734760
56,0.2705479452054800,1,0,0,0.202194139702819
57,0.0102739726027397,0,0,0,0.1910845715872800
58,0.2328767123287670,1,0,0,0.224413275933898
59,0.1541095890410960,0,1,0,0.560866546313012
60,0.1335616438356160,0,0,0,0.1249826412998190
61,0.1438356164383560,0,0,0,0.1709484793778640
62,0.1335616438356160,0,0,0,0.0917928065546451
63,0.0787671232876712,1,0,0,0.2327454520205530
64,0.0993150684931506,1,0,0,0.1459519511179000
65,0.1679793094795430,0,0,0,0.2563532842660740
66,0.1883561643835620,0,0,0,0.3917511456742120
67,0.1679793094795430,0,0,0,0.2014997916955980
68,0.1746575342465750,1,0,0,0.26537980835995
69,0.0890410958904109,0,0,0,0.0626301902513539
70,0.2054794520547950,0,0,0,0.2639911123455080
71,0.2534246575342470,1,0,0,0.2903763366199140
72,0.1643835616438360,0,0,0,0.1313706429662550
73,0.1815068493150690,1,0,0,0.20844327176781
74,0.2191780821917810,0,0,0,0.1527565615886680
75,0.1335616438356160,0,0,0,0.1006804610470770
76,0.0,0,0,0,0.0779058464102208
77,0.1679793094795430,1,0,0,0.1400499930565200
78,0.0993150684931506,0,0,0,0.1278989029301490
79,0.1746575342465750,0,0,0,0.1410915150673520
80,0.1335616438356160,0,0,0,0.1042910706846270
81,0.2705479452054800,0,0,0,0.2202471878905710
82,0.0376712328767123,0,0,0,0.1646993473128730
83,0.1952054794520550,0,0,0,0.2917650326343560
84,0.2020547945205480,1,0,0,0.1272045549229270
85,0.1679793094795430,1,0,0,0.1855297875295100
86,0.3424657534246580,0,0,0,0.3125954728509930
87,0.3458904109589040,0,1,0,0.1931676156089430
88,0.0650684931506849,0,0,0,0.17997500347174
89,0.2876712328767120,1,0,0,0.0695736703235661
90,0.1335616438356160,0,0,0,0.1231773364810440
91,0.1335616438356160,0,0,0,0.1041522010831830
92,0.2191780821917810,0,0,0,0.0884599361199833
93,0.2020547945205480,1,0,0,0.1785863074572980
94,0.1335616438356160,0,0,0,0.1374809054298010
95,0.1643835616438360,1,0,0,0.2358700180530480
96,0.1679793094795430,0,1,0,0.20844327176781
97,0.1952054794520550,1,0,0,0.2487154561866410
98,0.1780821917808220,0,0,0,0.0831134564643799
99,0.2191780821917810,0,0,0,0.0667962782946813
100,0.1917808219178080,1,0,0,0.1306068601583110
101,0.1679793094795430,1,0,0,0.2362171920566590
102,0.1917808219178080,0,0,0,0.1987223996667130
103,0.1472602739726030,0,0,0,0.1167393417580890
104,0.25,1,0,0,0.2277461463685600
105,0.1679793094795430,0,0,0,0.1869184835439520
106,0.184931506849315,0,0,0,0.2987085127065690
107,0.1335616438356160,0,0,0,0.0904041105402027
108,0.0993150684931506,0,0,0,0.1112345507568390
109,0.2191780821917810,0,0,0,0.1112345507568390
110,0.2876712328767120,1,0,0,0.2153867518400220
111,0.184931506849315,0,0,0,0.1416469934731290
112,0.1679793094795430,1,0,0,0.2014997916955980
113,0.1917808219178080,0,0,0,0.484752117761422
114,0.1679793094795430,0,0,0,0.252881544229968
115,0.136986301369863,1,0,0,0.3119011248437720
116,0.0445205479452054,0,0,0,0.195945007637828
117,0.1679793094795430,0,0,0,0.1445632551034580
118,0.1815068493150690,0,0,0,0.1667823913345370
119,0.2363013698630140,0,0,0,0.3959172337175390
120,0.1506849315068490,0,0,0,0.1792667685043740
121,0.1679793094795430,1,0,0,0.2014997916955980
122,0.0993150684931506,0,0,0,0.0904041105402027
123,0.184931506849315,0,0,0,0.1403971670601310
124,0.1164383561643840,0,0,0,0.1652548257186500
125,0.0924657534246575,1,0,0,0.2028884877100400
126,0.1335616438356160,0,0,0,0.0688793223163449
127,0.1679793094795430,1,0,0,0.129287598944591
128,0.1164383561643840,1,0,0,0.072351062352451
129,0.1643835616438360,0,0,0,0.1667823913345370
130,0.1643835616438360,0,0,0,0.1598389112623250
131,0.2294520547945210,0,0,0,0.26537980835995
132,0.1679793094795430,1,0,0,0.2903763366199140
133,0.184931506849315,0,0,0,0.1608804332731570
134,0.1679793094795430,1,0,0,0.2570476322732950
135,0.1952054794520550,1,0,0,0.2014997916955980
136,0.2020547945205480,0,0,0,0.1931676156089430
137,0.1679793094795430,1,0,0,0.1501180391612280
138,0.2089041095890410,0,0,0,0.1890015275656160
139,0.1780821917808220,1,0,0,0.2709345924177200
140,0.1506849315068490,1,0,0,0.2730176364393830
141,0.1678082191780820,0,0,0,0.1112345507568390
142,0.1952054794520550,0,0,0,0.3125954728509930
143,0.1712328767123290,0,0,0,0.1820580474934040
144,0.1952054794520550,1,0,0,0.2348284960422160
145,0.1678082191780820,0,0,0,0.1251215109012640
146,0.0102739726027397,0,0,0,0.1320649909734760
147,0.1027397260273970,0,0,0,0.0973475906124149
148,0.1679793094795430,1,0,0,0.2605193723094020
149,0.1438356164383560,0,0,0,0.1473406471323430
150,0.1679793094795430,0,0,0,0.1112345507568390
151,0.339041095890411,0,0,0,0.1209554228579360
152,0.2945205479452060,0,0,0,0.4686876822663520
153,0.1679793094795430,1,0,0,0.2153867518400220
154,0.1679793094795430,0,0,0,0.2778780724899320
155,0.2157534246575340,0,0,0,0.1251215109012640
156,0.1335616438356160,0,0,0,0.0612414942369115
157,0.1335616438356160,0,0,0,0.1035967226774060
158,0.2431506849315070,0,0,0,0.325788084988196
159,0.2705479452054800,0,0,0,0.3055131231773370
160,0.386986301369863,1,0,0,0.3959172337175390
161,0.1679793094795430,1,0,0,0.1771976114428550
162,0.3047945205479450,1,0,0,0.5243716150534650
163,0.2534246575342470,0,0,0,0.2570476322732950
164,0.1164383561643840,0,0,0,0.0948479377864185
165,0.0650684931506849,0,0,0,0.1626163032912100
166,0.1404109589041100,0,0,0,0.1285932509373700
167,0.1679793094795430,1,0,0,0.2153867518400220
168,0.2226027397260270,0,0,0,0.4037272601027640
169,0.1404109589041100,1,0,0,0.2063602277461460
170,0.1679793094795430,1,0,0,0.2681572003888350
171,0.1679793094795430,1,0,0,0.1299819469518120
172,0.410958904109589,1,0,0,0.2501041522010830
173,0.0787671232876712,1,0,0,0.2834328565477020
174,0.2020547945205480,1,0,0,0.1778919594500760
175,0.0890410958904109,1,0,0,0.2070545757533680
176,0.2157534246575340,0,0,0,0.2889876406054710
177,0.2602739726027400,1,0,0,0.2445493681433130
178,0.1679793094795430,0,0,0,0.1910845715872800
179,0.1438356164383560,1,0,0,0.648433550895709
180,0.1335616438356160,0,0,0,0.0904041105402027
181,0.1679793094795430,0,0,0,0.1973337036522710
182,0.1130136986301370,0,0,0,0.2294125815858910
183,0.1335616438356160,0,0,0,0.1181780308290520
184,0.1438356164383560,0,0,0,0.2292737119844470
185,0.2431506849315070,1,0,0,0.1278989029301490
186,0.2363013698630140,0,1,0,0.6111651159561170
187,0.1679793094795430,1,0,0,0.1917789195945010
188,0.1335616438356160,0,0,0,0.1390084710456880
189,0.1472602739726030,0,0,0,0.1644729898625190
190,0.0684931506849315,0,0,0,0.3487015692264960
191,0.1678082191780820,0,0,0,0.388973753645327
192,0.1679793094795430,1,0,0,0.2070545757533680
193,0.160958904109589,1,0,0,0.2181641438689070
194,0.0102739726027397,0,0,0,0.1320649909734760
195,0.1335616438356160,1,0,0,0.1278989029301490
196,0.0102739726027397,0,0,0,0.157755867240661
197,0.1986301369863010,0,0,0,0.3846299125121510
198,0.523972602739726,0,0,0,0.2778780724899320
199,0.2431506849315070,0,0,0,0.0959588945979725
200,0.1883561643835620,0,0,0,0.3332870434661850
201,0.2020547945205480,0,0,0,0.1459519511179000
202,0.184931506849315,0,0,0,0.1896958755728370
203,0.0993150684931506,0,0,0,0.107068462713512
204,0.1679793094795430,0,0,0,0.1584502152478820
205,0.0993150684931506,0,0,0,0.1042910706846270
206,0.2671232876712330,0,0,0,0.202194139702819
207,0.0650684931506849,1,0,0,0.1513678655742260
208,0.1679793094795430,1,0,0,0.1473406471323430
209,0.1679793094795430,1,0,0,0.3362033050965140
210,0.184931506849315,0,0,0,0.1528954311901120
211,0.1575342465753420,0,0,0,0.0876267185113178
212,0.2123287671232880,0,0,0,0.2098319677822520
213,0.1746575342465750,0,0,0,0.3024274406332450
214,0.0753424657534246,0,1,0,0.1681710873489790
215,0.1679793094795430,1,0,0,0.1761560894320230
216,0.1746575342465750,1,0,0,0.1382446882377450
217,0.1506849315068490,0,0,0,0.243160672128871
218,0.1232876712328770,0,0,0,0.1001249826413000
219,0.1679793094795430,1,0,0,0.3841133175947790
220,0.0753424657534246,0,0,0,0.1837800305513120
221,0.1780821917808220,1,0,0,0.2360783224552150
222,0.1679793094795430,1,0,0,0.2292737119844470
223,0.2191780821917810,0,0,0,0.2013609220941540
224,0.1678082191780820,0,0,0,0.0862380224968754
225,0.2808219178082190,0,0,0,0.4879183446743510
226,0.0,0,0,0,0.107068462713512
227,0.2089041095890410,1,0,0,0.3542563532842660
228,0.0,0,0,0,0.0987362866268573
229,0.1678082191780820,0,0,0,0.1251215109012640
230,0.0753424657534246,0,0,0,0.2188584918761280
231,0.1780821917808220,0,0,0,0.1570615192334400
232,0.523972602739726,1,0,0,0.5111790029162620
233,0.0,0,0,0,0.0827662824607693
234,0.184931506849315,0,0,0,0.1295653381474800
235,0.1679793094795430,0,0,0,0.2521871962227470
236,0.0,0,0,0,0.0758228023885571
237,0.1506849315068490,0,0,0,0.2091376197750310
238,0.1679793094795430,1,0,0,0.2216358839050130
239,0.2465753424657530,0,0,0,0.3931398416886540
240,0.1061643835616440,0,0,0,0.1084571587279540
241,0.184931506849315,0,0,0,0.316067212887099
242,0.0650684931506849,0,0,0,0.1049854186918480
243,0.1438356164383560,0,0,0,0.0612414942369115
244,0.184931506849315,0,0,0,0.1181780308290520
245,0.1679793094795430,1,0,0,0.2362171920566590
246,0.2020547945205480,0,0,0,0.2869045965838080
247,0.1643835616438360,0,0,0,0.1417858630745730
248,0.184931506849315,0,0,0,0.1459519511179000
249,0.1746575342465750,0,0,0,0.2014997916955980
250,0.1679793094795430,0,1,0,0.3362033050965140
251,0.1164383561643840,1,0,0,0.0577697542008054
252,0.0787671232876712,1,0,0,0.2778780724899320
253,0.1506849315068490,1,0,0,0.1917789195945010
254,0.2191780821917810,0,0,0,0.1709484793778640
255,0.1678082191780820,0,0,0,0.1528954311901120
256,0.1541095890410960,1,0,0,0.2709345924177200
257,0.1472602739726030,1,0,0,0.2396889320927650
258,0.160958904109589,0,0,0,0.2570476322732950
259,0.2020547945205480,0,0,0,0.2730176364393830
260,0.1678082191780820,0,0,0,0.0862380224968754
261,0.339041095890411,0,0,0,0.195945007637828
262,0.1643835616438360,1,0,0,0.3348146090820720
263,0.2294520547945210,1,0,0,0.1612276072767670
264,0.0993150684931506,0,0,0,0.1320649909734760
265,0.0308219178082191,0,0,1,0.0529093181502569
266,0.1952054794520550,1,0,0,0.1952506596306070
267,0.1678082191780820,1,0,0,0.20844327176781
268,0.1335616438356160,0,0,0,0.2008054436883770
269,0.1712328767123290,0,0,0,0.1188723788362730
270,0.1679793094795430,1,0,0,0.1570615192334400
271,0.2157534246575340,0,0,0,0.3209276489376480
272,0.1780821917808220,1,0,0,0.2869045965838080
273,0.2431506849315070,1,0,0,0.3542563532842660
274,0.2020547945205480,0,0,0,0.1445632551034580
275,0.1883561643835620,0,0,0,0.1244271628940430
276,0.1164383561643840,0,0,0,0.2362171920566590
277,0.3698630136986300,1,0,0,0.230662407998889
278,0.4075342465753430,0,0,0,0.1473406471323430
279,0.2945205479452060,0,0,0,0.5282571865018750
280,0.2123287671232880,0,0,0,0.2181641438689070
281,0.2089041095890410,0,0,0,0.2688515483960560
282,0.1335616438356160,0,0,0,0.20844327176781
283,0.0445205479452054,0,0,0,0.2396889320927650
284,0.1815068493150690,0,0,0,0.2912095542285790
285,0.0993150684931506,0,0,0,0.2003888348840440
286,0.047945205479452,1,0,0,0.1802527426746290
287,0.1917808219178080,1,0,0,0.1723371753923070
288,0.1679793094795430,1,0,0,0.0737397583668934
289,0.1679793094795430,1,0,0,0.1209554228579360
290,0.1335616438356160,0,0,0,0.1648034995139560
291,0.339041095890411,0,0,0,0.2754200805443690
292,0.1164383561643840,0,0,0,0.1402582974586860
293,0.1335616438356160,0,0,0,0.1334536869879180
294,0.1679793094795430,1,0,0,0.2778780724899320
295,0.2020547945205480,0,0,0,0.1834467435078460
296,0.0547945205479452,1,0,0,0.1494236911540060
297,0.184931506849315,0,0,0,0.1626163032912100
298,0.1541095890410960,1,0,0,0.2834328565477020
299,0.2363013698630140,0,0,0,0.1945563116233860
300,0.2020547945205480,0,0,0,0.1716428273850850
301,0.2363013698630140,0,0,0,0.1695597833634220
302,0.1541095890410960,0,0,1,0.32231634495209
303,0.3321917808219180,1,0,0,0.2362171920566590
304,0.1678082191780820,0,0,0,0.1597000416608800
305,0.2260273972602740,0,0,0,0.3611998333564780
306,0.2020547945205480,0,0,0,0.3763366199139010
307,0.3253424657534250,0,0,0,0.2639911123455080
308,0.1679793094795430,1,0,0,0.0758228023885571
309,0.1679793094795430,1,0,0,0.06610193028746
310,0.2363013698630140,1,0,0,0.4514650742952370
311,0.1679793094795430,1,0,0,0.1815025690876270
312,0.0993150684931506,0,0,0,0.1348423830023610
313,0.1506849315068490,0,0,0,0.1180391612276070
314,0.4417808219178080,0,0,1,0.4722955145118730
315,0.1335616438356160,0,0,0,0.1987223996667130
316,0.1712328767123290,1,0,0,0.2133037078183590
317,0.25,1,0,0,0.3125954728509930
318,0.184931506849315,0,0,0,0.3264824329954170
319,0.2363013698630140,0,0,0,0.3125954728509930
320,0.1679793094795430,0,0,0,0.2119150118039160
321,0.3082191780821920,0,0,0,0.4273614775725590
322,0.2671232876712330,1,0,0,0.4431328982085820
323,0.2226027397260270,1,0,0,0.3695320094431330
324,0.0958904109589041,0,0,0,0.1267532287182340
325,0.2568493150684930,0,0,0,0.287598944591029
326,0.0993150684931506,0,0,0,0.072351062352451
327,0.0376712328767123,1,0,0,0.401472017775309
328,0.2020547945205480,0,0,0,0.1532426051937230
329,0.1679793094795430,1,0,0,0.2494098041938620
330,0.1335616438356160,0,0,0,0.0598527982224691
331,0.1679793094795430,1,0,0,0.116789334814609
332,0.1678082191780820,0,0,0,0.1445632551034580
333,0.2191780821917810,1,0,0,0.3459241771976110
334,0.1301369863013700,0,0,0,0.2389945840855440
335,0.1301369863013700,1,0,0,0.2181641438689070
336,0.1679793094795430,1,0,0,0.2694764616025550
337,0.2226027397260270,1,0,0,0.4756644910429110
338,0.1678082191780820,0,0,0,0.2487154561866410
339,0.2397260273972600,0,0,0,0.2327454520205530
340,0.1541095890410960,1,0,0,0.1667823913345370
341,0.2191780821917810,0,0,0,0.2333009304263300
342,0.1335616438356160,0,0,0,0.0654075822802388
343,0.1679793094795430,0,0,0,0.0730454103596722
344,0.1438356164383560,1,0,0,0.3209276489376480
345,0.0513698630136986,0,0,0,0.0695736703235661
346,0.1506849315068490,0,0,0,0.1462296903207890
347,0.1679793094795430,1,0,0,0.1619219552839880
348,0.1679793094795430,1,0,0,0.1702541313706430
349,0.0513698630136986,0,0,0,0.1653936953200940
350,0.1198630136986300,0,1,0,0.5586085265935290
351,0.160958904109589,1,0,0,0.3932245521455350
352,0.1679793094795430,1,0,0,0.2153867518400220
353,0.1335616438356160,0,0,0,0.0834606304679905
354,0.1335616438356160,0,0,0,0.0985974170254131
355,0.1335616438356160,0,0,0,0.1459519511179000
356,0.2876712328767120,0,1,0,0.1980280516594920
357,0.1679793094795430,1,0,0,0.1917789195945010
358,0.0787671232876712,0,0,0,0.1376197750312460
359,0.2431506849315070,1,0,0,0.1320649909734760
360,0.1952054794520550,1,0,0,0.3403693931398420
361,0.1679793094795430,1,0,0,0.1681710873489790
362,0.1679793094795430,0,0,0,0.1528954311901120
363,0.1472602739726030,0,0,0,0.2271906679627830
364,0.0,0,0,0,0.1154006388001670
365,0.1679793094795430,1,0,0,0.2153867518400220
366,0.1301369863013700,0,0,0,0.1556728232189970
367,0.1679793094795430,1,0,0,0.1723371753923070
368,0.273972602739726,1,0,0,0.1806693514789610
369,0.1952054794520550,0,0,0,0.1348423830023610
370,0.1679793094795430,1,0,0,0.1765032634356340
371,0.1679793094795430,1,0,0,0.1909457019858350
372,0.2020547945205480,0,0,0,0.1382196917094850
373,0.0993150684931506,0,0,0,0.1251215109012640
374,0.1986301369863010,0,0,0,0.1223441188723790
375,0.1506849315068490,0,0,0,0.2563532842660740
376,0.1679793094795430,1,0,0,0.0362449659769476
377,0.1232876712328770,1,0,0,0.1570615192334400
378,0.2773972602739730,1,0,0,0.423691154006388
379,0.2294520547945210,0,0,0,0.4992806554645190
380,0.1335616438356160,1,0,0,0.2001110956811550
381,0.0993150684931506,0,0,0,0.1278989029301490
382,0.1335616438356160,0,0,0,0.2122621858075270
383,0.1986301369863010,1,0,0,0.2480211081794200
384,0.1335616438356160,0,0,0,0.0570754061935842
385,0.1679793094795430,0,1,0,0.2848215525621440
386,0.0753424657534246,0,0,0,0.2181641438689070
387,0.1267123287671230,0,0,0,0.0640188862657964
388,0.1746575342465750,0,0,0,0.1251215109012640
389,0.2465753424657530,1,0,0,0.2167754478544650
390,0.2568493150684930,0,0,0,0.5431190112484380
391,0.0993150684931506,0,0,0,0.116789334814609
392,0.1712328767123290,1,0,0,0.2501041522010830
393,0.1679793094795430,1,0,0,0.0994306346340786
394,0.1679793094795430,0,0,0,0.0904041105402027
395,0.1335616438356160,0,0,0,0.1029023746701850
396,0.160958904109589,0,0,0,0.1306762949590330
397,0.1335616438356160,0,0,0,0.1223441188723790
398,0.1643835616438360,0,0,0,0.1869184835439520
399,0.1335616438356160,0,0,0,0.0445771420636022
400,0.1506849315068490,0,0,0,0.2862102485765870
401,0.0582191780821917,0,1,0,0.2924593806415780
402,0.1506849315068490,1,0,0,0.1806554645188170
403,0.1335616438356160,0,0,0,0.1015136786557420
404,0.2465753424657530,0,0,0,0.309818080822108
405,0.1679793094795430,1,0,0,0.1848354395222890
406,0.1679793094795430,1,0,0,0.1598389112623250
407,0.1027397260273970,0,0,0,0.1112345507568390
408,0.1438356164383560,0,0,0,0.1973337036522710
409,0.3013698630136990,0,0,0,0.3403693931398420
410,0.2191780821917810,0,0,0,0.4233439800027770
411,0.160958904109589,0,0,0,0.0348562699625052
412,0.2705479452054800,0,0,0,0.1528954311901120
413,0.1679793094795430,0,1,0,0.2598250243021800
414,0.1198630136986300,0,0,0,0.1112345507568390
415,0.1301369863013700,0,1,0,0.2681572003888350
416,0.1780821917808220,1,0,0,0.2030745729759760
417,0.1815068493150690,0,0,0,0.1591445632551030
418,0.2226027397260270,1,0,0,0.2834328565477020
419,0.1335616438356160,0,0,0,0.1265102069157060
420,0.1506849315068490,0,0,0,0.1487293431467850
421,0.1952054794520550,0,0,0,0.2380224968754340
422,0.1679793094795430,1,0,0,0.2501041522010830
423,0.2705479452054800,0,0,0,0.1084571587279540
424,0.2020547945205480,0,0,0,0.388973753645327
425,0.1746575342465750,0,0,0,0.1445632551034580
426,0.1335616438356160,0,0,0,0.1390084710456880
427,0.1679793094795430,0,0,0,0.3334259130676300
428,0.1917808219178080,1,0,0,0.1029134842383000
429,0.1472602739726030,0,0,0,0.2228857103180110
430,0.3732876712328770,1,0,0,0.1945563116233860
431,0.0,0,0,0,0.0701291487293431
432,0.1335616438356160,1,0,0,0.0624913206499097
433,0.0102739726027397,0,0,0,0.1216497708651580
434,0.2705479452054800,1,0,0,0.2028884877100400
435,0.0,0,0,0,0.0640188862657964
436,0.0753424657534246,0,1,0,0.2459380641577560
437,0.0650684931506849,0,0,0,0.1126232467712820
438,0.0993150684931506,0,0,0,0.116789334814609
439,0.0650684931506849,0,0,0,0.0770031940008332
440,0.1575342465753420,0,0,0,0.1042910706846270
441,0.2876712328767120,0,0,0,0.7222607971115120
442,0.2431506849315070,0,0,0,0.1154006388001670
443,0.1061643835616440,0,0,0,0.1777530898486320
444,0.1095890410958900,0,0,0,0.1910845715872800
445,0.1678082191780820,0,0,0,0.243160672128871
446,0.1780821917808220,0,0,0,0.1285932509373700
447,0.3972602739726030,1,0,0,0.2153867518400220
448,0.1679793094795430,1,0,0,0.2291348423830020
449,0.0993150684931506,0,0,0,0.1174836828218300
450,0.0993150684931506,0,0,0,0.1181780308290520
451,0.1678082191780820,0,0,0,0.1042910706846270
452,0.1404109589041100,1,0,0,0.3403693931398420
453,0.1679793094795430,1,0,0,0.2348284960422160
454,0.184931506849315,0,0,0,0.243160672128871
455,0.1438356164383560,0,0,0,0.2126093598111370
456,0.2020547945205480,0,0,0,0.1952506596306070
457,0.0445205479452054,0,0,0,0.0876267185113178
458,0.1679793094795430,1,0,0,0.3070406887932230
459,0.1679793094795430,0,0,0,0.1751145674211920
460,0.1679793094795430,1,0,0,0.1042910706846270
461,0.184931506849315,1,0,0,0.3173656436606030
462,0.1335616438356160,0,0,0,0.1667823913345370
463,0.1335616438356160,1,0,0,0.0381655325649215
464,0.1815068493150690,1,0,0,0.213581447021247
465,0.1335616438356160,0,0,0,0.1237328148868210
466,0.1679793094795430,0,0,0,0.1997500347174000
467,0.2191780821917810,0,0,0,0.1834467435078460
468,0.1986301369863010,0,0,0,0.1549784752117760
469,0.2636986301369860,1,0,0,0.2987085127065690
470,0.1883561643835620,1,0,0,0.2112206637966950
471,0.1679793094795430,1,0,0,0.2459380641577560
472,0.2431506849315070,0,0,0,0.2153867518400220
473,0.047945205479452,0,0,0,0.1570615192334400
474,0.3047945205479450,1,0,0,0.5625607554506320
475,0.0684931506849315,0,0,0,0.300097208721011
476,0.2020547945205480,0,0,0,0.135536731009582
477,0.184931506849315,0,0,0,0.2416331065129840
478,0.2876712328767120,0,0,0,0.4792389945840860
479,0.1986301369863010,0,0,0,0.3639772253853630
480,0.0993150684931506,0,0,0,0.0757825302041383
481,0.2636986301369860,1,0,0,0.4042494098041940
482,0.1746575342465750,1,0,0,0.4709068184974310
483,0.0993150684931506,0,0,0,0.1667823913345370
484,0.0376712328767123,0,0,0,0.1792806554645190
485,0.1679793094795430,1,0,0,0.135536731009582
486,0.2020547945205480,0,0,0,0.1556728232189970
487,0.1986301369863010,0,0,0,0.1681710873489790
488,0.1678082191780820,1,0,0,0.1945563116233860
489,0.1335616438356160,0,0,0,0.173725871406749
490,0.0,0,0,0,0.0709623663380086
491,0.1679793094795430,0,0,0,0.1112345507568390
492,0.1986301369863010,0,0,0,0.1362310790168030
493,0.2876712328767120,1,0,0,0.1914803499513960
494,0.1678082191780820,0,0,0,0.1667823913345370
495,0.0993150684931506,0,0,0,0.0783224552145535
496,0.1335616438356160,0,0,0,0.0
497,0.1679793094795430,1,0,0,0.5486737953062080
498,0.1335616438356160,0,0,0,0.2070545757533680
499,0.1506849315068490,0,0,0,0.1320649909734760
500,0.1678082191780820,1,0,0,0.1181780308290520
501,0.0,0,0,0,0.1084571587279540
502,0.184931506849315,0,0,0,0.2663518955700600
503,0.1678082191780820,0,0,0,0.1459519511179000
504,0.2705479452054800,1,0,0,0.3528676572698240
505,0.0102739726027397,0,0,0,0.1556728232189970
506,0.1335616438356160,0,0,0,0.1244271628940430
507,0.2020547945205480,1,0,0,0.2501041522010830
508,0.184931506849315,1,0,0,0.2407998889043190
509,0.1335616438356160,0,0,0,0.1751145674211920
510,0.2020547945205480,0,0,0,0.1244271628940430
511,0.184931506849315,0,0,0,0.180530481877517
512,0.0650684931506849,1,0,0,0.2329745868629360
513,0.1678082191780820,0,0,0,0.1319261213720320
514,0.1712328767123290,0,0,0,0.1376197750312460
515,0.1164383561643840,0,0,0,0.0855436744896542
516,0.25,0,0,0,0.5109859741702540
517,0.1679793094795430,1,0,0,0.1709484793778640
518,0.1986301369863010,1,0,0,0.3195389529232050
519,0.1679793094795430,1,0,0,0.2445493681433130
520,0.1095890410958900,0,0,0,0.2764893764754900
521,0.1335616438356160,0,0,0,0.099083460630468
522,0.2363013698630140,1,0,0,0.1598389112623250
523,0.0993150684931506,0,0,0,0.1723371753923070
524,0.3732876712328770,1,0,0,0.2080960977641990
525,0.2534246575342470,1,0,0,0.3900152756561590
526,0.1404109589041100,0,0,0,0.195945007637828
527,0.1678082191780820,0,0,0,0.1348423830023610
528,0.1575342465753420,1,0,0,0.571255381197056
529,0.1267123287671230,1,0,0,0.0709623663380086
530,0.1679793094795430,1,0,0,0.2301402582974590
531,0.2191780821917810,0,0,0,0.1945563116233860
532,0.1335616438356160,1,0,0,0.129287598944591
533,0.1335616438356160,0,0,0,0.100819330648521
534,0.0993150684931506,0,0,0,0.0061102624635467
535,0.1815068493150690,1,0,0,0.1987223996667130
536,0.1678082191780820,0,0,0,0.100819330648521
537,0.1232876712328770,1,0,0,0.2126093598111370
538,0.1679793094795430,1,0,0,0.1060269407026800
539,0.1679793094795430,1,0,0,0.1709484793778640
540,0.1679793094795430,0,0,0,0.3292598250243020
541,0.2191780821917810,0,0,0,0.388973753645327
542,0.1679793094795430,0,0,0,0.2959311206776840
543,0.1952054794520550,0,0,0,0.2476739341758090
544,0.0445205479452054,0,0,0,0.1362310790168030
545,0.1267123287671230,1,0,0,0.2010345785307600
546,0.1679793094795430,1,0,0,0.2695458964032770
547,0.1678082191780820,1,0,0,0.243160672128871
548,0.1130136986301370,0,0,0,0.1313706429662550
549,0.0958904109589041,1,0,0,0.1251215109012640
550,0.184931506849315,0,0,0,0.3167615608943200
551,0.1095890410958900,0,0,0,0.1459519511179000
552,0.0993150684931506,0,0,0,0.1077628107207330
553,0.2260273972602740,1,0,0,0.3063463407860020
554,0.1575342465753420,0,0,0,0.1015136786557420
555,0.2191780821917810,0,0,0,0.3459241771976110
556,0.1267123287671230,0,0,0,0.1084571587279540
557,0.1643835616438360,1,0,0,0.1473406471323430
558,0.1335616438356160,0,0,0,0.1015136786557420
559,0.1232876712328770,0,1,0,0.1945563116233860
560,0.1679793094795430,0,0,0,0.2764893764754900
561,0.1679793094795430,1,0,0,0.1202610748507150
562,0.1917808219178080,0,0,0,0.1876128315511730
563,0.1438356164383560,0,0,0,0.1015136786557420
564,0.1541095890410960,0,0,0,0.20844327176781
565,0.1679793094795430,1,0,0,0.3237050409665320
566,0.1541095890410960,0,0,0,0.129287598944591
567,0.1917808219178080,1,0,0,0.4028607137897510
568,0.1678082191780820,1,0,0,0.2487154561866410
569,0.1986301369863010,1,0,0,0.3911956672684350
570,0.1679793094795430,1,0,0,0.1403416192195530
571,0.1815068493150690,1,0,0,0.1495625607554510
572,0.1335616438356160,0,0,0,0.1181780308290520
573,0.2123287671232880,1,0,0,0.2632967643382860
574,0.1883561643835620,1,0,0,0.1876128315511730
575,0.1678082191780820,0,0,0,0.1445632551034580
576,0.2020547945205480,0,0,0,0.1160949868073880
577,0.1061643835616440,0,0,0,0.1528954311901120
578,0.2568493150684930,1,0,0,0.17997500347174
579,0.0445205479452054,0,0,0,0.1542841272045550
580,0.2054794520547950,0,0,0,0.1341480349951400
581,0.1679793094795430,1,0,0,0.2041383141230380
582,0.2636986301369860,0,0,0,0.3032814886821280
583,0.2054794520547950,0,0,0,0.1160949868073880
584,0.184931506849315,0,0,0,0.4028607137897510
585,0.1027397260273970,0,0,0,0.1362310790168030
586,0.2294520547945210,0,0,0,0.4652131648382170
587,0.1164383561643840,0,0,0,0.1320649909734760
588,0.1815068493150690,1,0,0,0.1417858630745730
589,0.1506849315068490,1,0,0,0.1501180391612280
590,0.0993150684931506,0,0,0,0.0619358422441327
591,0.1472602739726030,0,0,0,0.2096930981808080
592,0.2602739726027400,1,0,0,0.579155672823219
593,0.1335616438356160,0,0,0,0.1431745590890150
594,0.1679793094795430,0,0,0,0.1459519511179000
595,0.2294520547945210,1,0,0,0.1042910706846270
596,0.1643835616438360,1,0,0,0.3945285377030970
597,0.1335616438356160,0,0,0,0.1105457575336760
598,0.1095890410958900,0,0,0,0.2212206637966950
599,0.2020547945205480,0,0,0,0.2535758922371890
600,0.0102739726027397,0,0,0,0.1612276072767670
601,0.1815068493150690,0,0,0,0.3334259130676300
602,0.0993150684931506,0,0,0,0.1473406471323430
603,0.2020547945205480,1,0,0,0.2570476322732950
604,0.0308219178082191,0,0,0,0.1612276072767670
605,0.2294520547945210,1,0,0,0.2584363282877380
606,0.2191780821917810,0,0,0,0.2362171920566590
607,0.2089041095890410,0,1,0,0.1626163032912100
608,0.1952054794520550,0,0,0,0.2639911123455080
609,0.1952054794520550,0,0,0,0.4502152478822390
610,0.136986301369863,0,0,0,0.1160949868073880
611,0.1679793094795430,0,0,0,0.3861963616164420
612,0.1679793094795430,1,0,0,0.1570615192334400
613,0.1679793094795430,0,0,0,0.3146785168726570
614,0.1678082191780820,0,0,0,0.1556728232189970
615,0.0,0,0,0,0.056381058186363
616,0.2020547945205480,0,0,0,0.1424802110817940
617,0.1679793094795430,1,0,0,0.2059436189418140
618,0.1301369863013700,0,0,0,0.0980419386196361
619,0.2363013698630140,0,0,0,0.3887140674906260
620,0.2191780821917810,0,0,0,0.3750867935009030
621,0.0821917808219178,0,0,0,0.0445771420636022
622,0.2363013698630140,0,0,0,0.2848215525621440
623,0.1712328767123290,0,0,0,0.1390084710456880
624,0.1679793094795430,0,0,0,0.1855297875295100
625,0.2020547945205480,0,0,0,0.1808776558811280
626,0.2260273972602740,1,0,0,0.173725871406749
627,0.1679793094795430,1,0,0,0.145813081516456
628,0.2020547945205480,0,0,0,0.164004999305652
629,0.1678082191780820,1,0,0,0.1390084710456880
630,0.2089041095890410,0,0,0,0.1855297875295100
631,0.0993150684931506,0,0,0,0.1237328148868210
632,0.0445205479452054,0,0,0,0.2424663241216500
633,0.2191780821917810,0,0,0,0.06610193028746
634,0.2020547945205480,0,0,0,0.1451187335092350
635,0.1472602739726030,0,0,0,0.15150673517567
636,0.1335616438356160,0,0,0,0.2292737119844470
637,0.1027397260273970,0,0,0,0.0348562699625052
638,0.0993150684931506,0,0,0,0.0806832384391056
639,0.1575342465753420,0,0,0,0.0695736703235661
640,0.1095890410958900,0,0,0,0.3189293153728650
641,0.1404109589041100,1,0,0,0.332037217053187
642,0.1679793094795430,0,0,0,0.26537980835995
643,0.184931506849315,0,0,0,0.4306346340786000
644,0.2020547945205480,0,0,0,0.1626163032912100
645,0.2191780821917810,0,0,0,0.4665713095403420
646,0.1679793094795430,1,0,0,0.1504652131648380
647,0.1335616438356160,0,0,0,0.0880433273156506
648,0.2191780821917810,1,0,0,0.1667823913345370
649,0.1678082191780820,0,0,0,0.1667823913345370
650,0.0,0,0,0,0.0688793223163449
651,0.1506849315068490,0,0,0,0.2375364532703790
652,0.1335616438356160,0,0,0,0.1015136786557420
653,0.1678082191780820,0,0,0,0.2167754478544650
654,0.1335616438356160,0,0,0,0.1390084710456880
655,0.2397260273972600,1,0,0,0.4375781141508120
656,0.0,0,0,0,0.0737397583668934
657,0.1746575342465750,1,0,0,0.1535897791973340
658,0.1335616438356160,0,0,0,0.1584502152478820
659,0.1952054794520550,0,0,0,0.0869323705040966
660,0.184931506849315,0,0,0,0.1834467435078460
661,0.1679793094795430,0,0,0,0.2263574503541170
662,0.1061643835616440,0,1,0,0.5097903069018190
663,0.339041095890411,0,0,0,0.1042910706846270
664,0.2363013698630140,0,0,0,0.1424802110817940
665,0.0958904109589041,0,1,0,0.5389529232051110
666,0.2910958904109590,1,0,0,0.2716289404249410
667,0.1679793094795430,1,0,0,0.1306762949590330
668,0.1506849315068490,0,0,0,0.2202471878905710
669,0.1679793094795430,0,0,0,0.1848354395222890
670,0.2020547945205480,0,0,0,0.1424802110817940
671,0.1472602739726030,0,0,0,0.1924732676017220
672,0.1130136986301370,0,0,0,0.0954034161921955
673,0.1679793094795430,1,0,0,0.1806693514789610
674,0.3047945205479450,0,0,0,0.3091237328148870
675,0.2020547945205480,0,0,0,0.1459519511179000
676,0.0102739726027397,0,0,0,0.157755867240661
677,0.1335616438356160,0,0,0,0.072351062352451
678,0.1061643835616440,0,0,0,0.1035967226774060
679,0.2020547945205480,1,0,0,0.4688237744757670
680,0.1679793094795430,1,0,0,0.1299819469518120
681,0.0993150684931506,0,0,0,0.1501180391612280
682,0.1164383561643840,0,1,0,0.1729398694625750
683,0.1679793094795430,0,0,0,0.1917789195945010
684,0.2363013698630140,1,0,0,0.3473128732120540
685,0.1267123287671230,0,1,0,0.2584363282877380
686,0.1679793094795430,1,0,0,0.2396889320927650
687,0.2157534246575340,0,0,0,0.2679836133870300
688,0.1679793094795430,0,1,0,0.1581724760449940
689,0.1335616438356160,0,0,0,0.4959033467573950
690,0.136986301369863,1,0,0,0.2219136231079020
691,0.1679793094795430,0,0,0,0.1473406471323430
692,0.2842465753424660,1,0,0,1.0
693,0.071917808219178,1,0,0,0.4167476739341760
694,0.1335616438356160,0,0,0,0.1021802527426750
695,0.1027397260273970,0,0,0,0.1480349951395640
696,0.1130136986301370,1,0,0,0.195945007637828
697,0.0993150684931506,0,0,0,0.0751284543813359
698,0.1232876712328770,1,0,0,0.1230384668796
699,0.1506849315068490,0,0,0,0.1438689070962370
700,0.1301369863013700,0,1,0,0.2237189279266770
701,0.2191780821917810,0,0,0,0.3855020136092210
702,0.2020547945205480,0,0,0,0.1459519511179000
703,0.2089041095890410,1,0,0,0.4541299819469520
704,0.1883561643835620,0,0,0,0.1459519511179000
705,0.1678082191780820,0,0,0,0.2473267601721980
706,0.1678082191780820,0,0,0,0.027912789890293
707,0.1679793094795430,0,1,0,0.3709207054575750
708,0.0924657534246575,0,0,0,0.3042632967643380
709,0.1506849315068490,1,0,0,0.2008609915289540
710,0.1679793094795430,1,0,0,0.1041522010831830
711,0.1198630136986300,1,0,0,0.0237467018469656
712,0.1541095890410960,0,0,0,0.0942591306762949
713,0.0650684931506849,1,0,0,0.2139980558255800
714,0.1335616438356160,0,0,0,0.1306762949590330
715,0.1679793094795430,1,0,0,0.1327593389806970
716,0.1952054794520550,0,0,0,0.1806693514789610
717,0.1335616438356160,0,0,0,0.1730315233995280
718,0.2020547945205480,0,0,0,0.1695597833634220
719,0.2568493150684930,0,0,0,0.4250798500208300
720,0.1643835616438360,1,0,0,0.1299819469518120
721,0.1679793094795430,1,0,0,0.3334259130676300
722,0.1679793094795430,0,0,0,0.1501180391612280
723,0.1678082191780820,0,0,0,0.1244271628940430
724,0.1335616438356160,0,0,0,0.1390084710456880
725,0.2226027397260270,1,0,0,0.3959172337175390
726,0.1335616438356160,0,0,0,0.1188723788362730
727,0.1679793094795430,1,0,0,0.2598250243021800
728,0.1472602739726030,0,0,0,0.2216358839050130
729,0.2191780821917810,0,0,0,0.1042910706846270
730,0.1061643835616440,0,0,0,0.09457019858353
731,0.0616438356164383,1,0,0,0.2799611165115960
732,0.1780821917808220,1,0,0,0.2119150118039160
733,0.184931506849315,1,0,0,0.2605193723094020
734,0.2020547945205480,0,0,0,0.1340091653936950
735,0.1679793094795430,1,0,0,0.1015136786557420
736,0.1335616438356160,0,0,0,0.1778919594500760
737,0.1335616438356160,0,0,0,0.0813775864463269
738,0.1746575342465750,1,0,0,0.2846826829607000
739,0.1335616438356160,0,0,0,0.2001110956811550
740,0.1506849315068490,1,0,0,0.2153867518400220
741,0.1335616438356160,0,0,0,0.1348423830023610
742,0.1506849315068490,1,0,0,0.1487293431467850
743,0.1506849315068490,0,0,0,0.2001110956811550
744,0.1678082191780820,1,0,0,0.1945563116233860
745,0.0684931506849315,1,0,0,0.2014997916955980
746,0.1679793094795430,1,0,0,0.3678655742258020
747,0.1679793094795430,1,0,0,0.2792667685043740
748,0.1506849315068490,1,0,0,0.3208984863213440
749,0.1301369863013700,1,0,0,0.3131509512567700
750,0.0993150684931506,0,0,0,0.0876267185113178
751,0.1164383561643840,0,0,0,0.0855436744896542
752,0.1679793094795430,0,0,0,0.1765032634356340
753,0.1986301369863010,1,0,0,0.252881544229968
754,0.2020547945205480,0,0,0,0.3341202610748510
755,0.136986301369863,0,0,0,0.1681710873489790
756,0.0445205479452054,0,0,0,0.1910845715872800
757,0.160958904109589,1,0,0,0.2459380641577560
758,0.1679793094795430,1,0,0,0.1721983057908620
759,0.0102739726027397,0,0,0,0.2006665740869320
760,0.1506849315068490,1,0,0,0.3542563532842660
761,0.1678082191780820,0,0,0,0.1285932509373700
762,0.1335616438356160,0,0,0,0.0904041105402027
763,0.1746575342465750,0,0,0,0.2503818914039720
764,0.2089041095890410,0,0,0,0.4195250659630610
765,0.0308219178082191,1,0,0,0.3264824329954170
766,0.184931506849315,1,0,0,0.318333564782669
767,0.2020547945205480,0,0,0,0.224413275933898
768,0.184931506849315,1,0,0,0.173725871406749
769,0.1678082191780820,0,0,0,0.2526551867796140
770,0.0890410958904109,0,1,0,0.6986529648659910
771,0.1679793094795430,1,0,0,0.1388696014442440
772,0.1575342465753420,0,0,0,0.0931815025690876
773,0.25,0,0,0,0.1001249826413000
774,0.1678082191780820,0,0,0,0.1105402027496180
775,0.3047945205479450,0,0,0,0.5000694348007220
776,0.0376712328767123,0,0,0,0.1765032634356340
777,0.2226027397260270,1,0,0,0.259130676294959
778,0.2705479452054800,1,0,0,0.1494236911540060
779,0.1335616438356160,0,0,0,0.15150673517567
780,0.1952054794520550,0,0,0,0.1390084710456880
781,0.1438356164383560,0,0,0,0.195945007637828
782,0.1506849315068490,0,0,0,0.1958061380363840
783,0.1575342465753420,0,1,0,0.2113595333981390
784,0.1679793094795430,1,0,0,0.1813636994861820
785,0.047945205479452,0,0,0,0.129287598944591
786,0.1679793094795430,0,0,0,0.1758089154284130
787,0.1335616438356160,0,0,0,0.1445632551034580
788,0.1883561643835620,1,0,0,0.2751006804610470
789,0.0993150684931506,0,0,0,0.101374809054298
790,0.1679793094795430,1,0,0,0.2119150118039160
791,0.0753424657534246,0,0,0,0.1740036106096380
792,0.1679793094795430,1,0,0,0.1553950840161090
793,0.2431506849315070,1,0,0,0.3261908068323840
794,0.1883561643835620,0,0,0,0.2639911123455080
795,0.1679793094795430,1,0,0,0.2216358839050130
796,0.1678082191780820,0,0,0,0.1890015275656160
797,0.1712328767123290,0,0,0,0.1508123871684490
798,0.1232876712328770,0,0,0,0.1042910706846270
799,0.2842465753424660,0,0,0,0.6250520761005420
800,0.1335616438356160,0,0,0,0.1945563116233860
801,0.1986301369863010,1,0,0,0.2292737119844470
802,0.0650684931506849,0,0,0,0.1041522010831830
803,0.1438356164383560,0,0,0,0.2139980558255800
804,0.2945205479452060,0,0,0,0.7610512428829330
805,0.184931506849315,0,0,0,0.1154006388001670
806,0.2397260273972600,1,0,0,0.2677128176642130
807,0.184931506849315,0,0,0,0.1397028190529090
808,0.4212328767123290,0,0,0,0.2619080683238440
809,0.2191780821917810,0,0,0,0.1736564366060270
810,0.2363013698630140,0,0,0,0.0987362866268573
811,0.1952054794520550,0,0,0,0.2028884877100400
812,0.1679793094795430,0,0,0,0.1522010831828910
813,0.1541095890410960,0,0,0,0.0292917650326343
814,0.184931506849315,0,0,0,0.1708096097764200
815,0.0821917808219178,0,0,0,0.1126232467712820
816,0.0924657534246575,0,1,0,0.2638522427440630
817,0.1679793094795430,1,0,0,0.1417858630745730
818,0.1679793094795430,1,0,0,0.3278711290098600
819,0.2020547945205480,0,0,0,0.1667823913345370
820,0.0787671232876712,1,0,0,0.2626024163310650
821,0.1746575342465750,1,0,0,0.2056658797389250
822,0.1335616438356160,0,0,0,0.0806832384391056
823,0.1679793094795430,1,0,0,0.2639911123455080
824,0.1335616438356160,0,0,0,0.145257603110679
825,0.2054794520547950,0,0,0,0.2745452020552700
826,0.3184931506849320,0,0,0,0.4861824746562980
827,0.0993150684931506,0,0,0,0.1035967226774060
828,0.1506849315068490,1,0,0,0.2139980558255800
829,0.1679793094795430,0,1,0,0.20844327176781
830,0.0102739726027397,0,0,0,0.1562283016247740
831,0.2020547945205480,1,0,0,0.1820580474934040
832,0.0308219178082191,0,0,0,0.1612276072767670
833,0.0787671232876712,1,0,0,0.2806554645188170
834,0.2705479452054800,0,0,0,0.1834467435078460
835,0.184931506849315,0,0,0,0.1458825163171780
836,0.1335616438356160,0,0,0,0.129287598944591
837,0.2363013698630140,0,0,0,0.1646993473128730
838,0.0,0,0,0,0.0904041105402027
839,0.184931506849315,0,0,0,0.15150673517567
840,0.1678082191780820,0,0,0,0.1327593389806970
841,0.1679793094795430,1,0,0,0.1459519511179000
842,0.1335616438356160,0,0,0,0.1702541313706430
843,0.2089041095890410,0,0,0,0.1944174420219410
844,0.2020547945205480,0,0,0,0.1473406471323430
845,0.2705479452054800,1,0,0,0.1652548257186500
846,0.1679793094795430,1,0,0,0.1890015275656160
847,0.184931506849315,0,0,0,0.2473267601721980
848,0.0513698630136986,1,0,0,0.1369254270240240
849,0.184931506849315,0,1,0,0.2848215525621440
850,0.2020547945205480,0,0,0,0.2112206637966950
851,0.0513698630136986,0,0,0,0.1341480349951400
852,0.1679793094795430,0,0,0,0.2501041522010830
853,0.1095890410958900,0,0,0,0.1792806554645190
854,0.1679793094795430,1,0,0,0.1709484793778640
855,0.2773972602739730,0,0,0,0.1876128315511730
856,0.1679793094795430,1,0,0,0.1278989029301490
857,0.1679793094795430,1,0,0,0.1556728232189970
858,0.1506849315068490,0,0,0,0.1931676156089430
859,0.2020547945205480,0,0,0,0.1626163032912100
860,0.1679793094795430,1,0,0,0.2987085127065690
861,0.1164383561643840,0,0,0,0.2153173170393000
862,0.184931506849315,0,0,0,0.1341480349951400
863,0.2054794520547950,0,0,0,0.1626163032912100
864,0.1678082191780820,0,0,0,0.135536731009582
865,0.1746575342465750,0,0,0,0.2995139563949450
866,0.1679793094795430,1,0,0,0.157755867240661
867,0.1575342465753420,1,0,0,0.2971809470906820
868,0.2191780821917810,0,0,0,0.1306762949590330
869,0.1679793094795430,0,1,0,0.186224135536731
870,0.2020547945205480,0,0,0,0.2792667685043740
871,0.1335616438356160,0,0,0,0.1035967226774060
872,0.1678082191780820,0,0,0,0.2299680599916680
873,0.1815068493150690,0,0,0,0.1126232467712820
874,0.1335616438356160,0,0,0,0.1362310790168030
875,0.1061643835616440,0,0,0,0.043882794056381
876,0.184931506849315,0,0,0,0.3729718094709070
877,0.25,0,0,0,0.1351895570059710
878,0.1815068493150690,0,0,0,0.4375781141508120
879,0.2294520547945210,1,0,0,0.1570615192334400
880,0.1679793094795430,1,0,0,0.1410915150673520
881,0.1335616438356160,0,0,0,0.1695597833634220
882,0.0787671232876712,1,0,0,0.2119150118039160
883,0.1679793094795430,1,0,0,0.1987223996667130
884,0.1335616438356160,0,0,0,0.1160949868073880
885,0.1506849315068490,0,0,0,0.0904041105402027
886,0.0993150684931506,1,0,0,0.4082766282460770
887,0.1678082191780820,0,0,0,0.1528954311901120
888,0.1301369863013700,1,0,0,0.1397028190529090
889,0.2534246575342470,1,0,0,0.3237050409665320
890,0.3664383561643840,0,0,0,0.1591445632551030
891,0.1335616438356160,0,0,0,0.1222052492709350
892,0.1678082191780820,0,0,0,0.1910845715872800
893,0.1678082191780820,0,0,0,0.1660880433273160
894,0.1679793094795430,0,0,0,0.1806693514789610
895,0.1472602739726030,0,0,0,0.1165921399805580
896,0.1712328767123290,0,0,0,0.1459519511179000
897,0.0993150684931506,0,0,0,0.0994306346340786
898,0.1472602739726030,0,0,0,0.1500527704485490
899,0.2705479452054800,1,0,0,0.8009401472017780
900,0.1506849315068490,0,0,0,0.1390084710456880
901,0.1679793094795430,1,0,0,0.1042910706846270
902,0.1472602739726030,1,0,0,0.164004999305652
903,0.1438356164383560,0,0,0,0.2014997916955980
904,0.0993150684931506,1,0,0,0.2848215525621440
905,0.1679793094795430,1,0,0,0.1258158589084850
906,0.2020547945205480,0,0,0,0.129287598944591
907,0.3253424657534250,1,0,0,0.3056519927787810
908,0.2226027397260270,1,0,0,0.2987085127065690
909,0.1679793094795430,1,0,0,0.1334536869879180
910,0.4383561643835620,0,1,0,0.1931676156089430
911,0.2020547945205480,0,0,0,0.1658103041244270
912,0.1679793094795430,1,0,0,0.1508123871684490
913,0.1027397260273970,0,0,0,0.0737397583668934
914,0.2089041095890410,0,0,0,0.1528954311901120
915,0.0308219178082191,0,0,0,0.192796833773087
916,0.0,0,0,0,0.0556867101791417
917,0.0993150684931506,0,0,0,0.0005707540619358
918,0.1679793094795430,0,0,0,0.1390084710456880
919,0.2808219178082190,1,0,0,0.2820441605332590
920,0.2260273972602740,1,0,0,0.1966393556450490
921,0.1678082191780820,1,0,0,0.230662407998889
922,0.1575342465753420,0,0,0,0.1541452576031110
923,0.1506849315068490,0,0,0,0.187598944591029
924,0.0993150684931506,0,0,0,0.2195528398833500
925,0.1986301369863010,0,0,0,0.2396889320927650
926,0.1679793094795430,1,0,0,0.1945563116233860
927,0.2465753424657530,0,0,0,0.3473128732120540
928,0.1679793094795430,0,0,0,0.195945007637828
929,0.1679793094795430,0,0,0,0.2799611165115960
930,0.1679793094795430,1,0,0,0.2598250243021800
931,0.1780821917808220,1,0,0,0.230662407998889
932,0.1678082191780820,0,0,0,0.1147062907929450
933,0.2157534246575340,1,0,0,0.3959172337175390
934,0.1438356164383560,0,0,0,0.2153867518400220
935,1.0,0,1,0,0.287598944591029
936,0.1061643835616440,1,0,0,0.0624913206499097
937,0.1575342465753420,0,0,0,0.2083044021663660
938,0.184931506849315,0,0,0,0.3028746007498960
939,0.1780821917808220,0,0,0,0.2845424246632410
940,0.1679793094795430,0,0,0,0.2909318150256910
941,0.1164383561643840,1,0,0,0.1610887376753230
942,0.1679793094795430,1,0,0,0.2487154561866410
943,0.071917808219178,1,0,0,0.1598389112623250
944,0.2705479452054800,0,0,0,0.1501180391612280
945,0.1679793094795430,1,0,0,0.1424802110817940
946,0.2636986301369860,0,0,0,0.1249826412998190
947,0.1678082191780820,0,0,0,0.1501180391612280
948,0.2191780821917810,0,0,0,0.3264824329954170
949,0.1506849315068490,1,0,0,0.2188584918761280
950,0.1952054794520550,0,0,0,0.2258019719483410
951,0.1335616438356160,0,0,0,0.1306762949590330
952,0.1335616438356160,0,0,0,0.1180391612276070
953,0.1335616438356160,0,0,0,0.1374809054298010
954,0.1679793094795430,1,0,0,0.1903902235800580
955,0.047945205479452,1,0,0,0.1285932509373700
956,0.2089041095890410,1,0,0,0.1528954311901120
957,0.0102739726027397,0,0,0,0.1237328148868210
958,0.1678082191780820,0,0,0,0.1348423830023610
959,0.1506849315068490,0,0,0,0.20844327176781
960,0.0102739726027397,0,0,0,0.1667823913345370
961,0.0993150684931506,1,0,0,0.1133175947785030
962,0.1679793094795430,1,0,0,0.3292598250243020
963,0.0102739726027397,0,0,0,0.1667823913345370
964,0.3458904109589040,1,0,0,0.2834328565477020
965,0.2020547945205480,0,0,0,0.2499652825996390
966,0.1506849315068490,0,0,0,0.1999722260797110
967,0.3732876712328770,1,0,0,0.173725871406749
968,0.1679793094795430,1,0,0,0.1390084710456880
969,0.0993150684931506,0,0,0,0.0041660880433273
970,0.184931506849315,0,0,0,0.1459519511179000
971,0.1335616438356160,0,0,0,0.1390084710456880
972,0.0513698630136986,0,0,0,0.1917789195945010
973,0.1164383561643840,0,0,0,0.0897097625329815
974,0.2534246575342470,0,0,0,0.2042771837244830
975,0.1335616438356160,1,0,0,0.1841410915150670
976,0.1679793094795430,0,0,0,0.1806693514789610
977,0.1027397260273970,1,0,0,0.0702680183307873
978,0.047945205479452,1,0,0,0.2291348423830020
979,0.160958904109589,0,0,0,0.1042910706846270
980,0.2020547945205480,0,0,0,0.1445632551034580
981,0.1679793094795430,1,0,0,0.1992778780724900
982,0.2636986301369860,1,0,0,0.4181363699486180
983,0.0753424657534246,0,0,0,0.1735800583252330
984,0.1679793094795430,0,0,0,0.3069018191917790
985,0.184931506849315,0,0,0,0.1265102069157060
986,0.160958904109589,0,0,0,0.1251215109012640
987,0.1301369863013700,0,0,0,0.1140119427857240
988,0.2123287671232880,1,0,0,0.500336064435495
989,0.1679793094795430,1,0,0,0.2223302319122340
990,0.1506849315068490,0,0,0,0.2251076239411190
991,0.2089041095890410,0,0,0,0.4348007221219280
992,0.3424657534246580,0,0,0,0.1848354395222890
993,0.2020547945205480,0,0,0,0.2112206637966950
994,0.160958904109589,0,0,0,0.1930287460074990
995,0.2568493150684930,0,0,0,0.4202194139702820
996,0.1027397260273970,1,0,0,0.1203999444521590
997,0.1679793094795430,1,0,0,0.1410915150673520
998,0.1679793094795430,1,0,0,0.20844327176781
999,0.1335616438356160,0,0,0,0.0779058464102208
1000,0.1472602739726030,0,0,0,0.2376058880711010
1001,0.1815068493150690,0,0,0,0.0654075822802388
1002,0.1335616438356160,0,0,0,0.0709623663380086
1003,0.184931506849315,1,0,0,0.2737119844466050
1004,0.1679793094795430,1,0,0,0.1416539369532010
1005,0.0753424657534246,0,0,0,0.2028884877100400
1006,0.1506849315068490,0,0,0,0.1597000416608800
1007,0.1679793094795430,0,0,1,0.1785863074572980
1008,0.0,0,0,0,0.0737397583668934
1009,0.0753424657534246,1,0,0,0.2848215525621440
1010,0.1335616438356160,0,0,0,0.0931815025690876
1011,0.3219178082191780,0,0,0,0.1390084710456880
1012,0.184931506849315,0,0,0,0.0904041105402027
1013,0.1164383561643840,0,0,0,0.1806693514789610
1014,0.1335616438356160,0,0,0,0.0695736703235661
1015,0.1335616438356160,0,0,0,0.1170670740174980
1016,0.1678082191780820,0,0,0,0.2667685043743920
1017,0.1780821917808220,0,0,0,0.2334398000277740
1018,0.1679793094795430,1,0,0,0.2119150118039160
1019,0.1679793094795430,1,0,0,0.173725871406749
1020,0.0753424657534246,0,0,0,0.2480072212192750
1021,0.1335616438356160,0,0,0,0.195945007637828
1022,0.1472602739726030,0,0,0,0.2209415358977920
1023,0.1061643835616440,0,0,0,0.072351062352451
1024,0.0753424657534246,0,0,0,0.2167754478544650
1025,0.1679793094795430,1,0,0,0.3500902652409390
1026,0.1678082191780820,0,0,0,0.1077628107207330
1027,0.1780821917808220,0,0,0,0.1841410915150670
1028,0.1712328767123290,1,0,0,0.3585293709207050
1029,0.1986301369863010,0,0,0,0.0973475906124149
1030,0.0,0,0,0,0.1154006388001670
1031,0.1679793094795430,0,0,0,0.173725871406749
1032,0.2773972602739730,0,0,0,0.2251076239411190
1033,0.1679793094795430,1,0,0,0.3820302735731150
1034,0.1679793094795430,0,0,0,0.2709345924177200
1035,0.0993150684931506,0,0,0,0.1178308568254410
1036,0.1679793094795430,1,0,0,0.0681849743091237
1037,0.2328767123287670,1,0,0,0.3896681016525480
1038,0.1679793094795430,0,0,0,0.3500902652409390
1039,0.0,0,0,0,0.0862380224968754
1040,0.0,0,0,0,0.0626301902513539
1041,0.2294520547945210,0,0,0,0.1667823913345370
1042,0.1679793094795430,0,0,0,0.1917789195945010
1043,0.0445205479452054,1,0,0,0.2237189279266770
1044,0.2226027397260270,0,0,0,0.3157616997639220
1045,0.2020547945205480,0,0,0,0.3375920011109570
1046,0.1679793094795430,1,0,0,0.1453964727121230
1047,0.2191780821917810,1,0,0,0.7244563255103460
1048,0.1232876712328770,0,1,0,0.1528954311901120
1049,0.2705479452054800,0,0,0,0.1112345507568390
1050,0.1335616438356160,0,0,0,0.0694348007221219
1051,0.1780821917808220,1,0,0,0.1966185252048330
1052,0.2808219178082190,1,0,0,0.2294695181224830
1053,0.2705479452054800,0,0,0,0.1806693514789610
1054,0.160958904109589,0,0,0,0.1522010831828910
1055,0.2363013698630140,0,0,0,0.3056519927787810
1056,0.2842465753424660,0,0,0,0.2014997916955980
1057,0.0753424657534246,1,0,0,0.2096236633800860
1058,0.1679793094795430,0,1,0,0.2959311206776840
1059,0.2568493150684930,1,0,0,0.4167476739341760
1060,0.1679793094795430,1,0,0,0.2570476322732950
1061,0.0684931506849315,0,0,0,0.2480211081794200
1062,0.339041095890411,0,0,0,0.0640188862657964
1063,0.2191780821917810,0,0,0,0.0765171503957783
1064,0.0993150684931506,0,0,0,0.1049854186918480
1065,0.1679793094795430,1,0,0,0.1653936953200940
1066,0.2020547945205480,0,0,0,0.4070268018330790
1067,0.1301369863013700,1,0,0,0.1987223996667130
1068,0.2020547945205480,0,0,0,0.1846965699208440
1069,0.071917808219178,0,0,0,0.1617830856825440
1070,0.1335616438356160,0,0,0,0.1390084710456880
1071,0.1746575342465750,0,0,0,0.1390084710456880
1072,0.1952054794520550,0,0,0,0.1653936953200940
1073,0.0993150684931506,0,0,0,0.078600194417442
1074,0.184931506849315,1,0,0,0.1730315233995280
1075,0.1815068493150690,0,0,0,0.2209415358977920
1076,0.184931506849315,0,0,0,0.2563532842660740
1077,0.1335616438356160,0,0,0,0.1876128315511730
1078,0.1679793094795430,1,0,0,0.1442855159005690
1079,0.0547945205479452,0,0,0,0.168032217747535
1080,0.1506849315068490,0,0,0,0.1265102069157060
1081,0.2020547945205480,0,0,0,0.1528954311901120
1082,0.184931506849315,0,0,0,0.1362310790168030
1083,0.1678082191780820,0,0,0,0.2181641438689070
1084,0.2020547945205480,0,0,0,0.173725871406749
1085,0.1679793094795430,0,1,0,0.2119150118039160
1086,0.1780821917808220,0,0,0,0.1556728232189970
1087,0.1679793094795430,0,0,0,0.0674906263019025
1088,0.2191780821917810,0,0,0,0.3014859047354530
1089,0.0102739726027397,0,0,0,0.1424802110817940
1090,0.0547945205479452,1,0,0,0.2251076239411190
1091,0.1335616438356160,0,0,0,0.0805443688376614
1092,0.0102739726027397,0,0,0,0.173725871406749
1093,0.1335616438356160,0,0,0,0.1410915150673520
1094,0.1712328767123290,0,0,0,0.1542841272045550
1095,0.1815068493150690,0,0,0,0.1306762949590330
1096,0.1952054794520550,1,0,0,0.1965449243160670
1097,0.1335616438356160,0,0,0,0.1278989029301490
1098,0.1679793094795430,0,0,0,0.1876128315511730
1099,0.0993150684931506,0,0,0,0.129287598944591
1100,0.2089041095890410,1,0,0,0.1695597833634220
1101,0.1335616438356160,0,0,0,0.0348562699625052
1102,0.136986301369863,1,0,0,0.1174836828218300
1103,0.1678082191780820,0,0,0,0.1390084710456880
1104,0.1986301369863010,0,0,0,0.1730315233995280
1105,0.0102739726027397,0,0,0,0.0987362866268573
1106,0.2636986301369860,1,0,0,0.4028607137897510
1107,0.3184931506849320,1,0,0,0.2013609220941540
1108,0.5034246575342470,0,0,1,0.3330440216636580
1109,0.1679793094795430,0,0,0,0.2028884877100400
1110,0.2945205479452060,1,0,0,0.3403693931398420
1111,0.1679793094795430,0,0,0,0.2126093598111370
1112,0.2020547945205480,0,0,0,0.2362171920566590
1113,0.1780821917808220,1,0,0,0.1319261213720320
1114,0.1541095890410960,0,0,0,0.1383141230384670
1115,0.2363013698630140,0,0,0,0.1140119427857240
1116,0.2465753424657530,0,0,0,0.3931398416886540
1117,0.1679793094795430,0,0,0,0.2071934453548120
1118,0.1232876712328770,1,0,0,0.1320649909734760
1119,0.2191780821917810,0,0,0,0.1459519511179000
1120,0.1678082191780820,0,0,0,0.1372031662269130
1121,0.1301369863013700,0,0,0,0.1159561172059440
1122,0.2157534246575340,0,0,0,0.247187890570754
1123,0.1679793094795430,1,0,0,0.107068462713512
1124,0.0993150684931506,0,0,0,0.1154006388001670
1125,0.1679793094795430,1,0,0,0.1791417858630750
1126,0.1335616438356160,0,0,0,0.1112345507568390
1127,0.1095890410958900,0,0,0,0.1931676156089430
1128,0.5513698630136990,0,0,1,0.3112067768365500
1129,0.1301369863013700,1,0,0,0.2501041522010830
1130,0.1335616438356160,0,0,0,0.1459519511179000
1131,0.1506849315068490,0,0,0,0.1390084710456880
1132,0.1438356164383560,0,0,0,0.0813775864463269
1133,0.2363013698630140,0,0,0,0.1147062907929450
1134,0.2020547945205480,1,0,0,0.2841272045549230
1135,0.1232876712328770,1,0,0,0.186224135536731
1136,0.1335616438356160,0,0,0,0.0931815025690876
1137,0.2020547945205480,0,0,0,0.116789334814609
1138,0.1130136986301370,0,0,0,0.0820719344535481
1139,0.1679793094795430,1,0,0,0.2237189279266770
1140,0.2636986301369860,1,0,0,0.15150673517567
1141,0.1335616438356160,0,0,0,0.1445632551034580
1142,0.1679793094795430,1,0,0,0.2258019719483410
1143,0.1917808219178080,0,0,0,0.5415497847521180
1144,0.1679793094795430,0,0,0,0.0626301902513539
1145,0.1335616438356160,0,0,0,0.0626301902513539
1146,0.1061643835616440,0,0,0,0.1584502152478820
1147,0.1679793094795430,0,0,0,0.2014997916955980
1148,0.184931506849315,0,0,0,0.1938619636161640
1149,0.1679793094795430,0,0,0,0.1138730731842800
1150,0.0993150684931506,0,0,0,0.1501180391612280
1151,0.1232876712328770,1,0,0,0.1237328148868210
1152,0.386986301369863,0,0,0,0.1597000416608800
1153,0.2363013698630140,1,0,0,0.2709345924177200
1154,0.1679793094795430,0,0,0,0.1188723788362730
1155,0.1679793094795430,1,0,0,0.231773364810443
1156,0.2363013698630140,1,0,0,0.2542702402444110
1157,0.2191780821917810,0,0,0,0.2013609220941540
1158,0.0445205479452054,1,0,0,0.2709345924177200
1159,0.2431506849315070,0,0,0,0.2780558255797810
1160,0.1883561643835620,0,0,0,0.20844327176781
1161,0.0102739726027397,0,0,0,0.1542841272045550
1162,0.1679793094795430,1,0,0,0.2626024163310650
1163,0.3013698630136990,0,0,0,0.1306762949590330
1164,0.1335616438356160,0,0,0,0.1028454381335930
1165,0.1679793094795430,1,0,0,0.2209415358977920
1166,0.1986301369863010,1,0,0,0.2753367587835020
1167,0.1472602739726030,1,0,0,0.2922510762394110
1168,0.1267123287671230,1,0,0,0.1917789195945010
1169,0.339041095890411,0,0,0,0.2778780724899320
1170,0.3321917808219180,1,0,0,0.819469518122483
1171,0.1883561643835620,0,0,0,0.1890015275656160
1172,0.1883561643835620,0,0,0,0.1778919594500760
1173,0.047945205479452,1,0,0,0.1902513539786140
1174,0.4006849315068490,1,0,0,0.2299680599916680
1175,0.2020547945205480,1,0,0,0.2834328565477020
1176,0.2191780821917810,0,0,0,0.3473128732120540
1177,0.0547945205479452,1,0,0,0.1174836828218300
1178,0.1679793094795430,0,0,0,0.1112345507568390
1179,0.1130136986301370,1,0,0,0.1666435217330930
1180,0.1917808219178080,0,0,0,0.0806832384391056
1181,0.1679793094795430,0,1,0,0.2987085127065690
1182,0.1472602739726030,1,0,0,0.496597694764616
1183,0.476027397260274,1,0,0,0.9861130398555760
1184,0.1335616438356160,0,0,0,0.1181780308290520
1185,0.0993150684931506,0,0,0,0.2108040549923620
1186,0.1335616438356160,0,0,0,0.0972087210109707
1187,0.2945205479452060,1,0,0,0.0834606304679905
1188,0.2328767123287670,0,0,0,0.3153728648798780
1189,0.160958904109589,1,0,0,0.2223302319122340
1190,0.1335616438356160,0,0,0,0.2139980558255800
1191,0.1679793094795430,0,0,0,0.1848354395222890
1192,0.0102739726027397,0,0,0,0.1931676156089430
1193,0.1335616438356160,0,0,0,0.1251215109012640
1194,0.1679793094795430,0,0,0,0.1806693514789610
1195,0.2020547945205480,0,0,0,0.1709484793778640
1196,0.1027397260273970,1,0,0,0.195945007637828
1197,0.1267123287671230,1,0,0,0.2559505624218860
1198,0.1506849315068490,1,0,0,0.15150673517567
1199,0.1678082191780820,0,0,0,0.1987223996667130
1200,0.184931506849315,0,0,0,0.1570615192334400
1201,0.1712328767123290,0,0,0,0.1126926815720040
1202,0.2020547945205480,0,0,0,0.2263574503541170
1203,0.0993150684931506,0,0,0,0.1140119427857240
1204,0.184931506849315,0,0,0,0.2473267601721980
1205,0.1952054794520550,0,0,0,0.1646993473128730
1206,0.2363013698630140,1,0,0,0.3291209554228580
1207,0.1679793094795430,0,0,0,0.1001249826413000
1208,0.1678082191780820,0,0,0,0.2292737119844470
1209,0.1678082191780820,0,0,0,0.1459519511179000
1210,0.2191780821917810,1,0,0,0.3542563532842660
1211,0.1678082191780820,0,0,0,0.2139980558255800
1212,0.4486301369863010,1,0,0,0.1792806554645190
1213,0.0993150684931506,0,0,0,0.1084571587279540
1214,0.1679793094795430,1,0,0,0.1528954311901120
1215,0.1643835616438360,1,0,0,0.1383141230384670
1216,0.2671232876712330,1,0,0,0.1251215109012640
1217,0.160958904109589,0,0,0,0.107068462713512
1218,0.1746575342465750,0,0,0,0.270179141785863
1219,0.1061643835616440,0,0,0,0.0633245382585752
1220,0.0,0,0,0,0.078600194417442
1221,0.1541095890410960,1,0,0,0.1112345507568390
1222,0.1164383561643840,0,0,0,0.1376197750312460
1223,0.1952054794520550,0,0,0,0.1501180391612280
1224,0.2328767123287670,0,0,0,0.1430356894875710
1225,0.1335616438356160,1,0,0,0.2070545757533680
1226,0.1506849315068490,0,0,0,0.1528954311901120
1227,0.2226027397260270,1,0,0,0.2487154561866410
1228,0.1746575342465750,0,0,0,0.1556728232189970
1229,0.1506849315068490,0,0,0,0.4615942230245800
1230,0.1678082191780820,0,0,0,0.1278989029301490
1231,0.1679793094795430,1,0,0,0.2153867518400220
1232,0.1678082191780820,0,0,0,0.135536731009582
1233,0.1678082191780820,0,0,0,0.0929037633661991
1234,0.1679793094795430,1,0,0,0.1487293431467850
1235,0.1164383561643840,0,0,0,0.1320649909734760
1236,0.2568493150684930,0,0,0,0.1444063324538260
1237,0.0513698630136986,0,0,0,0.1952506596306070
1238,0.0684931506849315,0,1,0,0.2223302319122340
1239,0.1438356164383560,0,0,0,0.1494236911540060
1240,0.1472602739726030,1,0,0,0.3207887793362030
1241,0.1506849315068490,0,0,0,0.2638522427440630
1242,0.2123287671232880,0,0,0,0.2963866129704210
1243,0.2191780821917810,0,0,0,0.1876128315511730
1244,0.2945205479452060,0,0,0,0.5972781558116930
1245,0.1679793094795430,1,0,0,0.2709345924177200
1246,0.1952054794520550,0,0,0,0.1987223996667130
1247,0.1506849315068490,0,0,0,0.2105263157894740
1248,0.1679793094795430,1,0,0,0.1874739619497290
1249,0.1335616438356160,0,0,0,0.1313706429662550
1250,0.1335616438356160,0,0,0,0.116789334814609
1251,0.2465753424657530,0,0,0,0.2903763366199140
1252,0.1679793094795430,1,0,0,0.1900430495764480
1253,0.1404109589041100,0,0,0,0.1320649909734760
1254,0.1679793094795430,1,0,0,0.3598111373420360
1255,0.1335616438356160,0,0,0,0.1812248298847380
1256,0.1061643835616440,0,0,0,0.1285932509373700
1257,0.2397260273972600,1,0,0,0.3702263574503540
1258,0.1198630136986300,0,0,0,0.0902652409387585
1259,0.1301369863013700,1,0,0,0.2153867518400220
1260,0.1506849315068490,0,0,0,0.1612276072767670
1261,0.1679793094795430,0,0,1,0.2028884877100400
1262,0.2020547945205480,0,0,0,0.1305374253575890
1263,0.1679793094795430,0,0,0,0.1758089154284130
1264,0.1335616438356160,0,0,0,0.202194139702819
1265,0.0445205479452054,0,0,0,0.2028884877100400
1266,0.047945205479452,0,0,0,0.2069157061519230
1267,0.1335616438356160,1,0,0,0.1209554228579360
1268,0.2328767123287670,1,0,0,0.4771559505624220
1269,0.1679793094795430,1,0,0,0.480627690598528
1270,0.1952054794520550,0,0,0,0.15150673517567
1271,0.1679793094795430,0,0,0,0.3125954728509930
1272,0.1679793094795430,1,0,0,0.2094847937786420
1273,0.1679793094795430,1,0,0,0.1417858630745730
1274,0.3527397260273970,1,0,0,0.1973337036522710
1275,0.1095890410958900,0,0,0,0.1445632551034580
1276,0.2534246575342470,0,0,0,0.1417858630745730
1277,0.1679793094795430,1,0,0,0.1765032634356340
1278,0.1679793094795430,1,0,0,0.2263574503541170
1279,0.184931506849315,0,0,0,0.2806554645188170
1280,0.1335616438356160,0,0,0,0.0465213164838216
1281,0.1575342465753420,1,0,0,0.2667685043743920
1282,0.0993150684931506,1,0,0,0.2014997916955980
1283,0.136986301369863,1,0,0,0.1605332592695460
1284,0.25,0,0,0,0.1445632551034580
1285,0.0993150684931506,0,0,0,0.186224135536731
1286,0.0993150684931506,0,0,0,0.135536731009582
1287,0.1679793094795430,0,0,0,0.1501180391612280
1288,0.1679793094795430,1,0,0,0.2153867518400220
1289,0.0650684931506849,1,0,0,0.3375920011109570
1290,0.2226027397260270,1,0,0,0.3417580891542840
1291,0.1679793094795430,1,0,0,0.202194139702819
1292,0.0,0,0,0,0.1174836828218300
1293,0.1335616438356160,0,0,0,0.100819330648521
1294,0.1952054794520550,0,0,0,0.1777530898486320
1295,0.1335616438356160,0,0,0,0.1112345507568390
1296,0.1678082191780820,0,0,0,0.1438689070962370
1297,0.2020547945205480,0,0,0,0.1667823913345370
1298,0.047945205479452,0,0,0,0.1459519511179000
1299,1.0,0,0,1,0.173725871406749
1300,0.184931506849315,0,0,0,0.1653936953200940
1301,0.1679793094795430,1,0,0,0.2639911123455080
1302,0.1679793094795430,1,0,0,0.1980280516594920
1303,0.2431506849315070,0,0,0,0.3542563532842660
1304,0.1780821917808220,0,0,0,0.2737119844466050
1305,0.0376712328767123,0,0,0,0.1320649909734760
1306,0.2979452054794520,1,0,0,0.4028607137897510
1307,0.0924657534246575,1,0,0,0.2327454520205530
1308,0.1335616438356160,0,0,0,0.1431745590890150
1309,0.2705479452054800,0,0,0,0.1556728232189970
1310,0.1679793094795430,0,0,0,0.2003888348840440
1311,0.2705479452054800,0,0,0,0.4167476739341760
1312,0.160958904109589,0,0,0,0.2334398000277740
1313,0.1679793094795430,1,0,0,0.3709207054575750
1314,0.2979452054794520,1,0,0,0.4142035828357170
1315,0.1335616438356160,0,0,0,0.116789334814609
1316,0.2191780821917810,0,0,0,0.2388557144840990
1317,0.136986301369863,1,0,0,0.3618844604915980
1318,0.0890410958904109,0,0,0,0.2416331065129840
1319,0.1679793094795430,0,1,0,0.3334259130676300
1320,0.184931506849315,0,0,0,0.1056797666990700
1321,0.1678082191780820,0,0,0,0.1688654353562010
1322,0.1679793094795430,1,0,0,0.0522149701430356
1323,0.2945205479452060,1,0,0,0.2153867518400220
1324,0.0993150684931506,0,0,0,0.06610193028746
1325,0.184931506849315,0,0,0,0.1556728232189970
1326,0.0650684931506849,0,0,0,0.027912789890293
1327,0.1678082191780820,0,0,0,0.0612414942369115
1328,0.1335616438356160,0,0,0,0.1327593389806970
1329,0.1335616438356160,0,0,0,0.3070406887932230
1330,0.1438356164383560,1,0,0,0.1966393556450490
1331,0.2191780821917810,0,0,0,0.2667685043743920
1332,0.1164383561643840,1,0,0,0.135536731009582
1333,0.1575342465753420,0,0,0,0.0904041105402027
1334,0.1335616438356160,0,0,0,0.1258158589084850
1335,0.0102739726027397,0,0,0,0.1251215109012640
1336,0.2020547945205480,0,0,0,0.1846965699208440
1337,0.2260273972602740,1,0,0,0.1390084710456880
1338,0.4520547945205480,1,0,0,0.0244410498541869
1339,0.2534246575342470,1,0,0,0.2292737119844470
1340,0.339041095890411,1,0,0,0.1299819469518120
1341,0.1678082191780820,0,0,0,0.1223441188723790
1342,0.1541095890410960,0,0,0,0.1667823913345370
1343,0.1679793094795430,0,0,0,0.2688515483960560
1344,0.1232876712328770,0,0,0,0.1973337036522710
1345,0.2191780821917810,1,0,0,0.1679419525065960
1346,0.0993150684931506,0,0,0,0.1022080266629630
1347,0.1679793094795430,0,1,0,0.316067212887099
1348,0.2465753424657530,1,0,0,0.3451784474378560
1349,0.1679793094795430,0,0,1,0.2501041522010830
1350,0.0993150684931506,0,0,0,0.1209554228579360
1351,0.2397260273972600,0,0,0,0.2292737119844470
1352,0.1678082191780820,1,0,0,0.1890015275656160
1353,0.0993150684931506,0,0,0,0.1388696014442440
1354,0.1198630136986300,1,0,0,0.5208998750173590
1355,0.1679793094795430,1,0,0,0.2778780724899320
1356,0.2773972602739730,1,0,0,0.1876128315511730
1357,0.1679793094795430,0,0,0,0.1042910706846270
1358,0.1679793094795430,1,0,0,0.1597000416608800
1359,0.1679793094795430,0,0,0,0.1980280516594920
1360,0.3698630136986300,0,0,0,0.388973753645327
1361,0.1027397260273970,0,0,0,0.2139980558255800
1362,0.3527397260273970,1,0,0,0.3125954728509930
1363,0.1679793094795430,1,0,0,0.0972087210109707
1364,0.1780821917808220,1,0,0,0.1694653520344400
1365,0.0308219178082191,0,0,0,0.1517178169698650
1366,0.1679793094795430,0,0,0,0.2514928482155260
1367,0.160958904109589,1,0,0,0.2195528398833500
1368,0.0684931506849315,0,0,0,0.1278989029301490
1369,0.1679793094795430,0,0,0,0.15150673517567
1370,0.0924657534246575,0,1,0,0.2737119844466050
1371,0.2363013698630140,0,0,0,0.0973475906124149
1372,0.2020547945205480,0,0,0,0.1813636994861820
1373,0.184931506849315,0,0,0,0.3324538258575200
1374,0.1679793094795430,0,0,0,0.5993611998333570
1375,0.2191780821917810,0,0,0,0.2987085127065690
1376,0.2328767123287670,1,0,0,0.2834328565477020
1377,0.1061643835616440,0,0,0,0.0779058464102208
1378,0.1335616438356160,0,0,0,0.1140119427857240
1379,0.0,0,0,0,0.0667962782946813
1380,0.1780821917808220,0,0,0,0.1841410915150670
1381,0.0821917808219178,0,0,0,0.0327732259408415
1382,0.1679793094795430,1,0,0,0.281349812526038
1383,0.1335616438356160,0,0,0,0.1695597833634220
1384,0.1679793094795430,0,0,0,0.107068462713512
1385,0.1335616438356160,0,0,0,0.0973475906124149
1386,0.0650684931506849,0,0,0,0.1258158589084850
1387,0.2020547945205480,1,0,0,0.2987085127065690
1388,0.1335616438356160,0,0,0,0.1403971670601310
1389,0.071917808219178,1,0,0,0.4757672545479790
1390,0.1335616438356160,0,0,0,0.1334536869879180
1391,0.1678082191780820,0,0,0,0.2778780724899320
1392,0.1506849315068490,0,0,0,0.1237328148868210
1393,0.160958904109589,0,0,0,0.1223441188723790
1394,0.1335616438356160,0,0,0,0.1778919594500760
1395,0.1095890410958900,0,0,0,0.2939563949451470
1396,0.2294520547945210,1,0,0,0.3420538814053600
1397,0.1679793094795430,1,0,0,0.173725871406749
1398,0.1027397260273970,0,0,0,0.1424802110817940
1399,0.1335616438356160,0,0,0,0.1431745590890150
1400,0.1027397260273970,0,0,0,0.142410776281072
1401,0.0993150684931506,0,0,0,0.1181780308290520
1402,0.1404109589041100,1,0,0,0.2195528398833500
1403,0.1472602739726030,0,0,0,0.2207735036800440
1404,0.0958904109589041,1,0,0,0.3444271628940430
1405,0.1335616438356160,0,0,0,0.0973475906124149
1406,0.0787671232876712,1,0,0,0.3334259130676300
1407,0.1678082191780820,0,0,0,0.1362310790168030
1408,0.1679793094795430,1,0,0,0.107068462713512
1409,0.1335616438356160,0,0,0,0.1258158589084850
1410,0.0856164383561643,1,0,0,0.2501041522010830
1411,0.1986301369863010,0,0,0,0.2709345924177200
1412,0.2020547945205480,0,0,0,0.1459519511179000
1413,0.1335616438356160,0,0,0,0.0765171503957783
1414,0.2294520547945210,1,0,0,0.3084293848076660
1415,0.1472602739726030,0,0,0,0.2389945840855440
1416,0.1027397260273970,0,0,0,0.1958061380363840
1417,0.1335616438356160,0,0,0,0.1216497708651580
1418,0.1679793094795430,1,0,0,0.423691154006388
1419,0.1712328767123290,0,0,0,0.1237328148868210
1420,0.1679793094795430,1,0,0,0.2612137203166230
1421,0.2363013698630140,0,0,0,0.2013609220941540
1422,0.1095890410958900,0,0,0,0.1285932509373700
1423,0.0547945205479452,0,0,0,0.1410915150673520
1424,0.1679793094795430,1,0,0,0.3333842521871960
1425,0.1679793094795430,0,0,0,0.15150673517567
1426,0.2020547945205480,1,0,0,0.1487293431467850
1427,0.2054794520547950,1,0,0,0.3278711290098600
1428,0.1335616438356160,0,0,0,0.1459519511179000
1429,0.1335616438356160,0,0,0,0.116789334814609
1430,0.1679793094795430,1,0,0,0.2055270101374810
1431,0.1335616438356160,0,0,1,0.218358561310929
1432,0.1679793094795430,1,0,0,0.1511595611720590
1433,0.1335616438356160,0,0,0,0.0411054020274961
1434,0.2465753424657530,1,0,0,0.2105263157894740
1435,0.2020547945205480,0,0,0,0.173725871406749
1436,0.2020547945205480,0,0,0,0.1931676156089430
1437,0.1335616438356160,0,0,0,0.1188723788362730
1438,0.2568493150684930,0,0,0,0.4995375642271910
1439,0.2363013698630140,0,0,0,0.1594223024579920
1440,0.2020547945205480,0,0,0,0.2251076239411190
1441,0.1986301369863010,1,0,0,0.2167754478544650
1442,0.1679793094795430,0,0,0,0.1588668240522150
1443,0.2191780821917810,0,0,0,0.3820302735731150
1444,0.1679793094795430,0,0,0,0.1195667268434940
1445,0.1438356164383560,0,0,0,0.2009443132898210
1446,0.1678082191780820,0,0,0,0.1306762949590330
1447,0.1679793094795430,1,0,0,0.1708096097764200
1448,0.2020547945205480,0,0,0,0.2848215525621440
1449,0.1678082191780820,0,0,0,0.107068462713512
1450,0.0,0,0,0,0.0792945424246632
1451,0.1335616438356160,0,0,0,0.1403971670601310
1452,0.1952054794520550,0,0,0,0.3502152478822390
1453,0.047945205479452,0,0,0,0.1528954311901120
1454,0.2363013698630140,0,0,0,0.0688793223163449
1455,0.1404109589041100,0,0,0,0.20844327176781
1456,0.1404109589041100,0,0,0,0.1945563116233860
1457,0.2191780821917810,0,0,0,0.243160672128871
1458,0.1541095890410960,0,0,0,0.3216219969448690
1459,0.160958904109589,0,0,0,0.1489029301485900
1460,0.184931506849315,0,0,0,0.1563671712262190