,0,1,2,3,4,5,6,7,8,9,0:0,0:1,0:2,0:3,0:4,0:5,0:6,0:7,0:8,0:9,0:10,0:11,0:12,0:13,0:14,1:0,1:1,1:2,1:3,2:0,2:1,2:2,2:3,2:4,2:5,2:6,2:7,2:8,2:9,2:10,2:11,2:12,2:13,3:0,3:1,3:2,3:3,3:4,3:5,3:6,3:7,3:8,3:9,3:10,3:11,3:12,3:13,4:0,4:1,4:2,4:3,4:4,5:0,5:1,5:2,5:3,5:4,5:5,5:6,5:7,5:8,5:9,5:10,5:11,5:12,5:13,5:14,5:15,5:16,5:17,5:18,5:19,5:20,5:21,5:22,5:23,6:0,6:1,6:2,6:3,7:0,7:1,7:2,7:3,7:4,7:5,7:6,7:7,8:0,8:1,9:0,9:1,9:2,target
0,0.1952054794520548,0.0376732337750356,0.5555555555555556,0.75,0.7246376811594203,0.9333333333333332,0.0648032885674931,0.1739900779588944,0.0315802680247579,0.0766267123287671,0,0,0,0,0,0,0,0,0,0,0,0,1,0,0,0,1,0,0,0,0,0,0,0,0,0,0,0,0,0,1,0,0,0,0,1,0,0,0,0,0,0,0,0,0,0,0,1,0,0,0,0,0,0,0,0,0,0,0,0,0,0,0,1,0,0,0,0,0,0,0,0,0,0,0,0,1,0,0,0,0,1,0,0,0,0,0,0,1,0,0,1,0,0.2258019719483405
1,0.0753424657534246,0.0087966533454859,0.6666666666666666,0.5,0.9637681159420288,0.9333333333333332,0.01,0.0028348688873139,0.0315802680247579,0.5693493150684932,0,0,0,0,1,0,0,0,0,0,0,0,0,0,0,0,0,1,0,0,0,0,0,1,0,0,0,0,0,0,0,0,0,1,0,0,0,0,0,0,0,0,0,0,0,0,0,0,0,1,0,0,0,0,0,0,0,0,0,0,0,1,0,0,0,0,0,0,0,0,0,0,0,0,0,0,1,0,0,0,0,1,0,0,0,0,0,0,1,0,0,1,0,0.2028884877100402
2,0.1678082191780822,0.0331860992311108,0.4444444444444444,0.625,0.6159420289855072,0.1166666666666666,0.0648032885674931,0.163359319631467,0.0315802680247579,0.1678082191780822,0,0,0,0,0,0,0,0,0,0,0,0,0,1,0,0,1,0,0,0,0,0,0,0,0,0,0,0,0,0,0,1,0,0,0,1,0,0,0,0,0,0,0,0,0,0,0,0,0,1,0,0,0,0,0,0,0,0,1,0,0,0,0,0,0,0,0,0,0,0,0,0,0,0,0,0,1,0,0,0,0,1,0,0,0,0,0,0,1,0,0,1,0,0.1528954311901124
3,0.1335616438356164,0.0275771810512047,0.6666666666666666,1.0,0.463768115942029,0.95,0.0648032885674931,0.0620127569099929,0.1424694708276797,0.2428255183899418,0,0,0,0,0,0,0,1,0,0,0,0,0,0,0,0,1,0,0,0,0,0,0,0,0,0,1,0,0,0,0,0,0,0,0,0,0,0,0,0,0,0,1,0,0,0,0,0,0,1,0,0,0,0,0,0,0,0,0,0,1,0,0,0,0,0,0,0,0,0,0,0,0,0,0,0,1,0,0,0,0,1,0,0,0,0,0,0,1,0,0,1,0,0.1667823913345368
4,0.1335616438356164,0.0469279487718806,0.3333333333333333,0.625,0.0942028985507246,0.0,0.0648032885674931,0.0786037785307224,0.0315802680247579,0.3326198630136986,0,0,0,0,0,0,0,0,1,0,0,0,0,0,0,0,1,0,0,0,0,0,0,1,0,0,0,0,0,0,0,0,0,0,0,0,0,1,0,0,0,0,0,0,0,0,0,0,0,1,0,0,0,0,0,1,0,0,0,0,0,0,0,0,0,0,0,0,0,0,0,0,0,0,0,0,0,1,0,0,0,1,0,0,0,0,0,0,1,0,0,1,0,0.1216497708651576
5,0.1712328767123287,0.0368646147374325,0.5555555555555556,0.5,0.8043478260869565,0.55,0.0648032885674931,0.0595322466335931,0.0315802680247579,0.3202054794520548,0,0,0,0,1,0,0,0,0,0,0,0,0,0,0,0,1,0,0,0,0,0,0,1,0,0,0,0,0,0,0,0,0,0,0,1,0,0,0,0,0,0,0,0,0,0,0,0,0,1,0,0,0,0,0,0,0,0,0,0,0,0,0,0,0,0,0,0,0,0,0,0,0,1,0,0,1,0,0,0,0,1,0,0,0,0,0,0,1,0,1,0,0,0.1376197750312456
6,0.0,0.0030521863095655,0.5555555555555556,0.5,0.7318840579710145,0.3833333333333333,0.255,0.0547484053862508,0.0315802680247579,0.074486301369863,0,1,0,0,0,0,0,0,0,0,0,0,0,0,0,0,0,1,0,0,1,0,0,0,0,0,0,0,0,0,0,0,0,0,0,0,0,0,0,0,0,0,0,0,0,0,1,0,0,1,0,0,0,0,0,0,0,0,0,0,0,0,0,0,0,0,0,0,0,0,0,0,1,0,0,0,0,1,0,0,0,1,0,0,0,0,0,0,1,0,0,1,0,0.0667962782946813
7,0.0924657534246575,0.0436327093411858,0.7777777777777778,0.5,0.9492753623188406,0.8833333333333333,0.106875,0.0655563430191353,0.6594301221166893,0.1348458904109589,0,0,0,0,1,0,0,0,0,0,0,0,0,0,0,0,0,1,0,0,0,0,0,1,0,0,0,0,0,0,0,0,0,0,0,1,0,0,0,0,0,0,0,0,0,0,0,1,0,0,0,0,0,0,0,0,0,0,0,0,0,0,0,0,0,0,0,0,0,0,1,0,0,0,0,0,1,0,0,0,0,1,0,0,0,0,0,0,1,0,0,1,0,0.2737119844466046
8,0.1679793094795433,0.030185328004861,0.6666666666666666,0.375,0.427536231884058,0.0,0.375,0.0396881644223954,0.0315802680247579,0.3493150684931507,0,0,0,0,0,0,1,0,0,0,0,0,0,0,0,0,0,1,0,0,0,0,0,0,0,1,0,0,0,0,0,0,0,0,0,0,0,0,0,1,0,0,0,0,0,0,0,0,0,1,0,0,1,0,0,0,0,0,0,0,0,0,0,0,0,0,0,0,0,0,0,0,0,0,0,0,0,1,0,0,0,1,0,0,0,0,0,0,1,0,0,1,0,0.1869184835439522
9,0.1679793094795433,0.0348454041926663,0.6666666666666666,0.5,0.9202898550724636,0.8166666666666667,0.18625,0.1367824238128986,0.0315802680247579,0.0941780821917808,0,0,0,0,1,0,0,0,0,0,0,0,0,0,0,0,0,1,0,0,0,0,0,1,0,0,0,0,0,0,0,0,0,0,0,0,0,0,0,0,1,0,0,0,0,0,0,0,0,1,0,0,0,0,0,0,0,0,0,1,0,0,0,0,0,0,0,0,0,0,0,0,0,0,0,0,1,0,0,0,0,1,0,0,0,0,0,0,1,0,0,1,0,0.2487154561866407
10,0.184931506849315,0.0403701885998738,0.4444444444444444,0.625,0.6739130434782609,0.25,0.0648032885674931,0.1470588235294117,0.1967435549525101,0.0582191780821917,0,1,0,0,0,0,0,0,0,0,0,0,0,0,0,0,1,0,0,0,1,0,0,0,0,0,0,0,0,0,0,0,0,0,0,1,0,0,0,0,0,0,0,0,0,0,0,0,0,1,0,0,0,1,0,0,0,0,0,0,0,0,0,0,0,0,0,0,0,0,0,0,0,0,0,0,1,0,0,0,0,1,0,0,0,0,0,0,1,0,0,1,0,0.1563671712262185
11,0.1438356164383561,0.0335927457991539,0.6666666666666666,0.5,0.9565217391304348,0.9,0.13125,0.0035435861091424,0.0315802680247579,0.6335616438356164,0,0,0,0,1,0,0,0,0,0,0,0,0,0,0,0,0,1,0,0,0,0,0,1,0,0,0,0,0,0,0,0,0,0,0,1,0,0,0,0,0,0,0,0,0,0,0,0,0,1,0,0,0,0,0,0,0,0,0,0,0,0,0,0,0,0,0,0,0,0,1,0,0,0,0,0,1,0,0,0,0,1,0,0,0,0,0,0,1,0,0,1,0,0.2153867518400222
12,0.1130136986301369,0.0298254224216504,0.4444444444444444,0.625,0.3550724637681159,0.0,0.0648032885674931,0.0786037785307224,0.0315802680247579,0.3129280821917808,0,0,0,0,0,0,0,1,0,0,0,0,0,0,0,0,1,0,0,0,0,0,0,0,0,0,1,0,0,0,0,0,0,0,0,0,0,0,0,1,0,0,0,0,0,0,0,0,0,1,0,0,0,0,0,0,0,0,0,0,0,0,0,0,0,0,0,0,0,0,0,1,0,0,0,0,1,0,0,0,0,1,0,0,0,0,0,0,1,0,0,1,0,0.1666435217330926
13,0.1679793094795433,0.0038187384608193,0.5555555555555556,0.5,0.927536231884058,0.8333333333333334,0.320625,0.0744153082919915,0.0315802680247579,0.1438356164383561,0,0,0,0,0,0,0,0,0,0,0,0,0,1,0,0,0,1,0,0,0,0,0,0,0,0,0,0,0,0,0,1,0,0,0,0,0,0,0,0,0,0,0,0,0,0,1,0,0,1,0,0,0,0,0,0,0,0,0,0,0,0,0,0,0,1,0,0,0,0,0,0,0,0,0,0,0,0,0,1,0,1,0,0,0,0,0,0,1,0,0,1,0,0.1855297875295098
14,0.2020547945205479,0.0425342961976208,0.6666666666666666,0.5,0.9130434782608696,0.8,0.0648032885674931,0.0786037785307224,0.0315802680247579,0.3707191780821918,0,0,0,0,1,0,0,0,0,0,0,0,0,0,0,0,1,0,0,0,0,0,0,1,0,0,0,0,0,0,0,0,0,0,0,0,0,0,0,0,1,0,0,0,0,0,0,0,0,1,0,0,0,0,0,0,0,0,0,0,0,0,0,0,0,0,0,0,0,0,1,0,0,0,0,0,1,0,0,0,0,1,0,0,0,0,0,0,1,0,0,1,0,0.2263574503541174
15,0.1678082191780822,0.0302086984972773,0.4444444444444444,0.75,0.6521739130434783,0.5,0.0648032885674931,0.0892983699503898,0.073270013568521,0.1365582191780822,0,0,0,0,0,0,0,0,0,0,0,0,0,1,0,0,1,0,0,0,0,0,0,0,0,0,0,0,0,0,0,1,0,0,0,1,0,0,0,0,0,0,0,0,0,0,0,0,0,1,0,0,0,0,0,0,0,0,1,0,0,0,0,0,0,0,0,0,0,0,0,0,0,0,0,0,1,0,0,0,0,1,0,0,0,0,0,0,1,0,0,1,0,0.1459519511179003
16,0.1335616438356164,0.0472738320596414,0.6666666666666666,0.875,0.2753623188405797,0.7166666666666667,0.0648032885674931,0.0786037785307224,0.0315802680247579,0.3116438356164384,0,1,0,0,0,0,0,0,0,0,0,0,0,0,0,0,1,0,0,0,1,0,0,0,0,0,0,0,0,0,0,0,0,0,0,0,0,0,0,0,0,0,1,0,0,0,0,0,0,1,0,0,0,0,1,0,0,0,0,0,0,0,0,0,0,0,0,0,0,0,0,0,0,0,0,0,1,0,0,0,0,1,0,0,0,0,0,0,1,0,0,1,0,0.1841410915150673
17,0.1335616438356164,0.0385613124868541,0.6666666666666666,0.5,0.3115942028985507,0.3333333333333333,0.0648032885674931,0.0382707299787384,0.0315802680247579,0.2311643835616438,0,0,0,0,0,0,0,0,0,0,0,1,0,0,0,0,1,0,0,0,0,0,0,0,0,0,1,0,0,0,0,0,0,0,0,0,0,0,0,0,0,0,1,0,0,0,0,0,0,1,0,0,0,0,0,0,0,0,0,0,0,0,0,0,0,0,0,0,0,0,0,1,0,0,0,0,1,0,0,0,0,1,0,0,0,0,0,0,1,0,0,1,0,0.1459519511179003
18,0.1232876712328767,0.0298067260277174,0.4444444444444444,0.5,0.5869565217391305,0.05,0.0648032885674931,0.1009922041105598,0.0315802680247579,0.0869006849315068,0,0,0,0,1,0,0,0,0,0,0,0,0,0,0,0,1,0,0,0,0,0,0,1,0,0,0,0,0,0,0,0,0,0,0,1,0,0,0,0,0,0,0,0,0,0,0,0,0,1,0,0,0,0,0,0,0,0,1,0,0,0,0,0,0,0,0,0,0,0,0,0,0,0,0,0,1,0,0,0,0,1,0,0,0,0,0,0,1,0,0,1,0,0.1042910706846271
19,0.1575342465753424,0.0349482343592979,0.4444444444444444,0.75,0.2753623188405797,0.0,0.0648032885674931,0.0786037785307224,0.0315802680247579,0.3407534246575342,0,0,0,0,0,0,0,1,0,0,0,0,0,0,0,0,1,0,0,0,0,0,0,0,0,0,0,0,0,0,0,1,0,0,1,0,0,0,0,0,0,0,0,0,0,0,0,0,0,1,0,0,0,1,0,0,0,0,0,0,0,0,0,0,0,0,0,0,0,0,0,0,0,0,0,0,1,0,0,0,0,1,0,0,0,0,0,0,1,0,0,1,0,0.0695736703235661
20,0.1679793094795433,0.0510738741265278,0.5555555555555556,0.75,0.7608695652173914,0.75,0.265,0.1587526576895818,0.0315802680247579,0.1857876712328767,0,1,0,0,0,0,0,0,0,0,0,0,0,0,0,0,0,1,0,0,1,0,0,0,0,0,0,0,0,0,0,0,0,0,0,0,0,0,0,0,1,0,0,0,0,0,0,0,0,1,0,0,0,0,0,0,0,0,0,0,0,0,0,1,0,0,0,0,0,0,0,0,0,0,0,0,1,0,0,0,0,1,0,0,0,0,0,0,1,0,0,1,0,0.3292598250243022
21,0.1678082191780822,0.0366215616163032,0.6666666666666666,0.5,0.9420289855072465,0.8833333333333333,0.070625,0.1435152374202693,0.0315802680247579,0.3107876712328767,0,0,0,0,1,0,0,0,0,0,0,0,0,0,0,0,0,1,0,0,0,0,0,1,0,0,0,0,0,0,0,0,0,0,0,1,0,0,0,0,0,0,0,0,0,0,0,0,0,1,0,0,0,0,0,0,0,0,0,0,0,0,0,0,0,0,0,0,0,0,1,0,0,0,0,0,1,0,0,0,0,1,0,0,0,0,0,0,1,0,0,1,0,0.2487154561866407
22,0.0445205479452054,0.0090210100726822,0.5555555555555556,0.5,0.9202898550724636,0.8166666666666667,0.705625,0.0742381289865343,0.0315802680247579,0.1327054794520548,0,0,0,0,0,0,0,0,0,0,0,0,0,1,0,0,0,1,0,0,0,0,0,0,0,0,0,0,0,0,0,1,0,0,0,0,0,0,0,0,0,0,0,0,0,0,1,0,0,1,0,0,0,0,0,0,0,0,0,0,0,0,0,0,0,1,0,0,0,0,0,0,0,0,0,0,0,0,0,1,0,1,0,0,0,0,0,0,0,1,0,1,0,0.195945007637828
23,0.1643835616438356,0.0375657295099207,0.5555555555555556,0.5,0.9057971014492754,0.7833333333333333,0.0648032885674931,0.1148121899362154,0.0315802680247579,0.0753424657534246,0,0,0,0,1,0,0,0,0,0,0,0,0,0,0,0,1,0,0,0,0,0,0,1,0,0,0,0,0,0,0,0,0,0,0,0,0,0,0,0,1,0,0,0,0,0,0,0,0,1,0,0,0,0,0,0,0,0,0,0,0,0,0,0,0,0,0,0,0,0,1,0,0,0,0,0,1,0,0,0,0,1,0,0,0,0,0,0,1,0,0,1,0,0.2358700180530482
24,0.1232876712328767,0.0349295379653649,0.5555555555555556,0.5,0.9057971014492754,0.7833333333333333,0.0648032885674931,0.0786037785307224,0.0315802680247579,0.3921232876712329,0,0,0,0,1,0,0,0,0,0,0,0,0,0,0,0,1,0,0,0,0,0,0,1,0,0,0,0,0,0,0,0,0,0,0,0,0,0,0,0,1,0,0,0,0,0,0,0,0,1,0,0,0,0,0,0,0,0,0,1,0,0,0,0,0,0,0,0,0,0,0,0,0,0,0,0,1,0,0,0,0,1,0,0,0,0,0,0,1,0,0,0,1,0.186224135536731
25,0.1335616438356164,0.0359905583210638,0.5555555555555556,0.25,0.4057971014492754,0.0,0.0648032885674931,0.0786037785307224,0.0315802680247579,0.3356164383561644,0,0,0,0,0,0,0,1,0,0,0,0,0,0,0,0,1,0,0,0,0,0,0,0,0,0,1,0,0,0,0,0,0,0,0,0,1,0,0,0,0,0,0,0,0,0,0,0,0,1,0,0,0,0,0,0,0,0,0,0,0,0,0,0,0,0,0,0,1,0,0,0,0,0,0,0,0,0,1,0,0,1,0,0,0,0,0,0,1,0,0,1,0,0.0570754061935842
26,0.0102739726027397,0.006286662459978,0.7777777777777778,0.5,0.9202898550724636,0.8333333333333334,0.285,0.0786037785307224,0.0315802680247579,0.3321917808219178,0,0,0,0,0,0,0,0,0,0,0,0,0,1,0,0,0,1,0,0,0,0,0,0,0,0,0,0,0,0,0,1,0,0,0,0,0,0,0,0,0,0,0,0,0,0,1,0,0,1,0,0,0,0,0,0,0,0,0,0,0,0,0,0,0,1,0,0,0,0,0,0,0,0,0,0,0,0,0,1,0,1,0,0,0,0,0,0,0,1,0,1,0,0.1931676156089432
27,0.1335616438356164,0.0274836990815396,0.4444444444444444,0.75,0.7246376811594203,0.3666666666666666,0.0648032885674931,0.0690999291282778,0.0315802680247579,0.2029109589041096,0,1,0,0,0,0,0,0,0,0,0,0,0,0,0,0,1,0,0,0,1,0,0,0,0,0,0,0,0,0,0,0,0,0,0,1,0,0,0,0,0,0,0,0,0,0,0,1,0,0,0,0,0,0,0,0,0,0,0,0,0,0,0,0,0,0,0,0,0,0,1,0,0,0,0,0,1,0,0,0,0,1,0,0,0,0,0,0,1,0,0,1,0,0.1278989029301485
28,0.0445205479452054,0.0107691229054196,0.6666666666666666,0.5,0.9782608695652174,0.95,0.0648032885674931,0.0786037785307224,0.0315802680247579,0.2949486301369863,0,0,0,0,1,0,0,0,0,0,0,0,0,0,0,0,1,0,0,0,0,0,0,1,0,0,0,0,0,0,0,0,0,0,0,0,0,0,0,0,0,0,0,0,0,0,1,0,0,1,0,0,0,0,0,0,0,0,0,0,0,0,0,0,0,1,0,0,0,0,0,0,0,0,0,0,0,0,0,1,0,1,0,0,0,0,0,0,0,1,0,1,0,0.1542841272045549
29,0.1746575342465753,0.0428287644020659,0.7777777777777778,0.5,0.9637681159420288,0.9166666666666666,0.0648032885674931,0.0786037785307224,0.0315802680247579,0.382277397260274,0,0,0,0,1,0,0,0,0,0,0,0,0,0,0,0,1,0,0,0,0,0,0,1,0,0,0,0,0,0,0,0,0,0,0,0,0,0,0,0,1,0,0,0,0,0,0,0,0,1,0,0,0,0,0,0,0,0,0,1,0,0,0,0,0,0,0,0,0,0,0,0,0,0,0,0,1,0,0,0,0,1,0,0,0,0,0,0,1,0,0,0,1,0.2846826829606999
30,0.184931506849315,0.0412489191147257,0.4444444444444444,0.5,0.7608695652173914,0.45,0.0648032885674931,0.0786037785307224,0.0315802680247579,0.2428255183899418,0,0,0,0,0,0,0,0,0,0,0,0,1,0,0,0,1,0,0,0,0,0,0,0,0,0,0,0,0,0,1,0,0,0,0,0,0,0,0,0,0,0,0,1,0,0,0,0,0,1,0,0,0,0,0,0,0,0,0,0,0,0,0,0,0,0,0,0,0,0,0,0,0,1,0,0,1,0,0,0,0,0,0,0,1,0,0,0,1,0,0,1,0,0.1265102069157061
31,0.2157534246575342,0.0469279487718806,0.5555555555555556,0.5,0.3695652173913043,0.0,0.0648032885674931,0.0786037785307224,0.0315802680247579,0.5136986301369864,0,0,0,0,0,0,0,1,0,0,0,0,0,0,0,0,1,0,0,0,0,0,0,0,0,0,1,0,0,0,0,0,0,0,1,0,0,0,0,0,0,0,0,0,0,0,0,0,0,1,0,0,0,0,0,1,0,0,0,0,0,0,0,0,0,0,0,0,0,0,0,0,0,0,0,0,0,1,0,0,0,1,0,0,0,0,0,0,1,0,0,1,0,0.1251215109012637
32,0.2020547945205479,0.0387950174110168,0.6666666666666666,0.5,0.7028985507246377,0.3166666666666666,0.105,0.0786037785307224,0.0315802680247579,0.4982876712328767,0,1,0,0,0,0,0,0,0,0,0,0,0,0,0,0,0,1,0,0,1,0,0,0,0,0,0,0,0,0,0,0,0,0,0,1,0,0,0,0,0,0,0,0,0,0,0,1,0,0,0,0,0,0,0,0,0,0,0,0,0,0,0,1,0,0,0,0,0,0,0,0,0,0,0,0,1,0,0,0,0,0,0,0,1,0,0,0,1,0,0,1,0,0.1459519511179003
33,0.1575342465753424,0.0397672298955339,0.6666666666666666,0.5,0.9420289855072465,0.8666666666666667,0.06875,0.1396172927002126,0.0315802680247579,0.3360445205479452,0,0,0,0,1,0,0,0,0,0,0,0,0,0,0,0,0,1,0,0,0,0,0,1,0,0,0,0,0,0,0,0,0,0,0,1,0,0,0,0,0,0,0,0,0,0,0,0,0,1,0,0,0,0,0,0,0,0,0,0,0,0,0,0,0,0,0,0,0,0,1,0,0,0,0,0,1,0,0,0,0,1,0,0,0,0,0,0,1,0,0,1,0,0.2667685043743924
34,0.1679793094795433,0.0383509780551076,0.6666666666666666,0.5,0.9347826086956522,0.85,0.1125,0.0786037785307224,0.0315802680247579,0.3784246575342466,0,0,0,0,1,0,0,0,0,0,0,0,0,0,0,0,0,1,0,0,0,0,0,1,0,0,0,0,0,0,0,0,0,0,0,0,0,0,0,0,1,0,0,0,0,0,0,0,0,1,0,0,0,0,0,0,0,0,0,1,0,0,0,0,0,0,0,0,0,0,0,0,0,0,0,0,1,0,0,0,0,1,0,0,0,0,0,0,1,0,0,1,0,0.2605193723094015
35,0.1679793094795433,0.0358877281544322,0.4444444444444444,0.5,0.6956521739130435,0.3,0.0648032885674931,0.0786037785307224,0.0315802680247579,0.4058219178082192,0,0,0,0,0,0,0,0,0,0,0,0,1,0,0,0,1,0,0,0,0,0,0,0,0,0,0,0,0,0,1,0,0,0,0,1,0,0,0,0,0,0,0,0,0,0,0,0,0,1,0,0,0,0,0,0,0,0,0,0,0,0,0,0,0,0,0,0,0,1,0,0,0,0,0,0,1,0,0,0,0,1,0,0,0,0,0,0,1,0,0,1,0,0.1015136786557422
36,0.2020547945205479,0.0387950174110168,0.5555555555555556,0.5,0.5869565217391305,0.05,0.14875,0.2276754075124025,0.0315802680247579,0.0560787671232876,0,1,0,0,0,0,0,0,0,0,0,0,0,0,0,0,0,0,1,0,1,0,0,0,0,0,0,0,0,0,0,0,0,0,0,1,0,0,0,0,0,0,0,0,0,0,0,1,0,0,0,0,0,0,0,0,0,0,1,0,0,0,0,0,0,0,0,0,0,0,0,0,0,0,0,0,1,0,0,0,0,1,0,0,0,0,0,0,1,0,0,1,0,0.1834467435078461
37,0.1506849315068493,0.0334198041552735,0.6666666666666666,0.5,0.9565217391304348,0.9,0.16625,0.1676116229624379,0.0315802680247579,0.2097602739726027,0,0,0,0,1,0,0,0,0,0,0,0,0,0,0,0,0,1,0,0,0,0,0,1,0,0,0,0,0,0,0,0,0,0,0,1,0,0,0,0,0,0,0,0,0,0,0,0,0,1,0,0,0,0,0,0,0,0,0,0,0,0,0,0,0,0,0,0,0,0,1,0,0,0,0,0,1,0,0,0,0,1,0,0,0,0,0,0,1,0,0,1,0,0.243160672128871
38,0.1678082191780822,0.0332515366098763,0.5555555555555556,0.875,0.6594202898550725,0.8833333333333333,0.0648032885674931,0.1174698795180722,0.0315802680247579,0.1695205479452055,0,1,0,0,0,0,0,0,0,0,0,0,0,0,0,0,1,0,0,0,1,0,0,0,0,0,0,0,0,0,0,0,0,0,0,1,0,0,0,0,0,0,0,0,0,0,0,1,0,0,0,0,0,0,0,0,0,0,0,0,0,0,0,0,0,0,0,0,0,1,0,0,0,0,0,0,1,0,0,0,0,1,0,0,0,0,0,0,1,0,0,1,0,0.1660880433273156
39,0.2020547945205479,0.0369253780177148,0.7777777777777778,0.5,0.9130434782608696,0.8,0.295625,0.1746987951807229,0.0315802680247579,0.2071917808219178,0,0,0,0,1,0,0,0,0,0,0,0,0,0,0,0,0,1,0,0,0,0,0,1,0,0,0,0,0,0,0,0,0,0,0,0,0,0,0,0,1,0,0,0,0,0,0,0,0,1,0,0,0,0,0,0,1,0,0,0,0,0,0,0,0,0,0,0,0,0,0,0,0,0,0,0,1,0,0,0,0,1,0,0,0,0,0,0,1,0,0,1,0,0.388973753645327
40,0.1027397260273972,0.0314520086938231,0.5555555555555556,0.5,0.9637681159420288,0.9166666666666666,0.0648032885674931,0.0786037785307224,0.0315802680247579,0.3116438356164384,0,0,0,0,1,0,0,0,0,0,0,0,0,0,0,0,1,0,0,0,0,0,0,1,0,0,0,0,0,0,0,0,0,0,0,0,0,0,0,0,1,0,0,0,0,0,0,0,0,1,0,0,0,0,0,0,0,0,0,1,0,0,0,0,0,0,0,0,0,0,0,0,0,0,0,0,1,0,0,0,0,1,0,0,0,0,0,0,1,0,0,1,0,0.195945007637828
41,0.0102739726027397,0.0057117483465376,0.6666666666666666,0.5,0.9565217391304348,0.9,0.03125,0.0786037785307224,0.0315802680247579,0.4152397260273973,0,0,0,0,1,0,0,0,0,0,0,0,0,0,0,0,0,0,1,0,0,0,0,1,0,0,0,0,0,0,0,0,0,0,0,0,0,0,0,0,0,0,0,0,0,0,1,0,0,1,0,0,0,1,0,0,0,0,0,0,0,0,0,0,0,0,0,0,0,0,0,0,0,0,0,0,0,1,0,0,0,1,0,0,0,0,0,0,1,0,0,1,0,0.1424802110817942
42,0.1815068493150685,0.0305873004744209,0.5555555555555556,0.75,0.7681159420289855,0.4666666666666667,0.126875,0.0370304748405386,0.0315802680247579,0.1982020547945205,0,1,0,0,0,0,0,0,0,0,0,0,0,0,0,0,0,1,0,0,1,0,0,0,0,0,0,0,0,0,0,0,0,0,0,0,0,0,0,0,1,0,0,0,0,0,0,1,0,0,0,0,0,0,0,0,0,0,0,0,0,0,0,0,0,0,0,0,0,1,0,0,0,0,0,0,1,0,0,0,0,1,0,0,0,0,0,0,1,0,0,1,0,0.1591445632551034
43,0.1679793094795433,0.0453387552875739,0.4444444444444444,0.625,0.6811594202898551,0.2666666666666666,0.125,0.1311126860382707,0.1560379918588874,0.0787671232876712,0,0,0,0,0,0,0,0,0,0,0,0,1,0,0,0,0,1,0,0,0,0,0,0,0,0,0,0,0,0,1,0,0,0,0,1,0,0,0,0,0,0,0,0,0,0,0,0,0,1,0,0,0,0,0,0,0,0,1,0,0,0,0,0,0,0,0,0,0,0,0,0,0,0,0,0,1,0,0,0,0,1,0,0,0,0,0,0,1,0,0,1,0,0.1653936953200944
44,0.0376712328767123,0.0149571151464161,0.5555555555555556,0.5,0.9130434782608696,0.8,0.276875,0.2127923458540042,0.0315802680247579,0.0154109589041095,0,0,0,0,1,0,0,0,0,0,0,0,0,0,0,0,0,1,0,0,0,0,0,1,0,0,0,0,0,0,0,0,0,1,0,0,0,0,0,0,0,0,0,0,0,0,0,1,0,0,0,0,0,0,0,0,0,0,0,0,0,0,0,0,0,0,0,0,0,0,0,0,0,1,0,0,0,1,0,0,0,1,0,0,0,0,0,0,1,0,0,1,0,0.1646993473128732
45,0.2431506849315068,0.0412255486223094,0.7777777777777778,0.5,0.8840579710144928,0.7333333333333333,0.244375,0.1311126860382707,0.0315802680247579,0.1819349315068493,0,0,0,0,1,0,0,0,0,0,0,0,0,0,0,0,0,1,0,0,0,0,0,1,0,0,0,0,0,0,0,0,0,0,0,0,0,0,0,0,1,0,0,0,0,0,0,1,0,0,0,0,0,0,0,0,1,0,0,0,0,0,0,0,0,0,0,0,0,0,0,0,0,0,0,0,1,0,0,0,0,1,0,0,0,0,0,0,1,0,0,1,0,0.3542563532842661
46,0.1679793094795433,0.0270256374301806,0.4444444444444444,0.875,0.3188405797101449,0.75,0.0648032885674931,0.0786037785307224,0.0315802680247579,0.2936643835616438,0,0,0,0,1,0,0,0,0,0,0,0,0,0,0,0,1,0,0,0,0,0,0,1,0,0,0,0,0,0,0,0,0,0,0,0,0,1,0,0,0,0,0,0,0,0,0,0,0,1,0,0,0,0,0,0,0,0,0,0,1,0,0,0,0,0,0,0,0,0,0,0,0,0,0,0,0,0,1,0,0,1,0,0,0,0,0,0,1,0,0,1,0,0.173725871406749
47,0.0993150684931506,0.0219682628712987,0.4444444444444444,0.5,0.5507246376811594,0.0,0.0648032885674931,0.0184266477675407,0.1146540027137042,0.2208904109589041,0,0,0,0,1,0,0,0,0,0,0,0,0,0,0,0,1,0,0,0,0,0,0,1,0,0,0,0,0,0,0,0,0,0,0,1,0,0,0,0,0,0,0,0,0,0,0,0,0,1,0,0,0,0,0,1,0,0,0,0,0,0,0,0,0,0,0,0,0,0,0,0,0,0,0,0,0,1,0,0,0,1,0,0,0,0,0,0,1,0,0,1,0,0.1112345507568393
48,0.0993150684931506,0.0313725490196078,0.5555555555555556,0.5,0.8768115942028986,0.7333333333333333,0.0648032885674931,0.0292345854004252,0.5705563093622795,0.2559931506849315,0,0,0,0,0,0,0,0,0,0,0,0,1,0,0,0,1,0,0,0,0,0,0,0,0,0,0,0,0,0,1,0,0,1,0,0,0,0,0,0,0,0,0,0,0,0,0,0,0,1,0,0,0,0,0,0,0,0,0,0,0,0,0,0,0,0,0,0,1,0,0,0,0,0,0,0,1,0,0,0,0,1,0,0,0,0,0,0,1,0,0,1,0,0.2195528398833495
49,0.184931506849315,0.0552712145644908,0.6666666666666666,0.625,0.4927536231884058,0.5666666666666667,0.0648032885674931,0.0726435152374202,0.0315802680247579,0.1669520547945205,0,0,0,0,0,0,0,1,0,0,0,0,0,0,0,0,1,0,0,0,0,0,0,0,0,0,1,0,0,0,0,0,0,0,0,0,0,0,0,0,0,0,1,0,0,0,0,0,0,1,0,0,0,0,0,0,0,0,0,0,0,0,0,0,0,0,0,0,0,0,0,1,0,0,0,0,1,0,0,0,0,0,0,0,0,0,0,1,1,0,0,1,0,0.2563532842660742
50,0.1506849315068493,0.0334712192385893,0.5555555555555556,0.5,0.9637681159420288,0.9333333333333332,0.0648032885674931,0.0786037785307224,0.0315802680247579,0.3116438356164384,0,0,0,0,1,0,0,0,0,0,0,0,0,0,0,0,1,0,0,0,0,0,0,1,0,0,0,0,0,0,0,0,0,0,0,0,0,0,0,0,1,0,0,0,0,0,0,0,0,1,0,0,0,0,0,0,0,0,0,0,0,0,0,0,0,0,0,0,0,0,1,0,0,0,0,0,1,0,0,0,0,0,0,0,0,1,0,0,1,0,0,1,0,0.1792667685043744
51,0.1746575342465753,0.0468204445067657,0.6666666666666666,0.5,0.9492753623188406,0.8833333333333333,0.063125,0.0786037785307224,0.0315802680247579,0.3595890410958904,0,0,0,0,1,0,0,0,0,0,0,0,0,0,0,0,0,1,0,0,0,0,0,1,0,0,0,0,0,0,0,0,0,0,0,0,0,0,0,0,1,0,0,0,0,0,0,0,0,1,0,0,0,0,0,0,0,0,0,0,0,0,0,0,0,0,0,0,0,0,1,0,0,0,0,0,1,0,0,0,0,1,0,0,0,0,0,0,1,0,0,1,0,0.2014997916955978
52,0.1335616438356164,0.0542195424057584,0.3333333333333333,0.375,0.7028985507246377,0.3166666666666666,0.0648032885674931,0.2122608079376328,0.0315802680247579,0.2428255183899418,0,0,0,0,0,0,0,0,0,0,0,0,1,0,0,0,1,0,0,0,0,0,0,0,0,0,0,0,0,0,1,0,0,0,0,0,0,0,0,0,0,0,0,1,0,0,0,0,0,1,0,0,0,0,0,0,0,0,0,0,0,0,0,0,0,0,0,0,0,1,0,0,0,0,0,0,1,0,0,0,0,1,0,0,0,0,0,0,1,0,0,1,0,0.1028454381335925
53,0.2020547945205479,0.0429082240762812,0.6666666666666666,0.625,0.7536231884057971,0.4333333333333333,0.4125,0.0714032600992204,0.0315802680247579,0.1712328767123287,0,0,0,0,0,0,0,0,0,0,0,0,1,0,0,0,0,1,0,0,0,0,0,0,0,0,0,0,0,0,1,0,0,0,0,0,0,0,0,0,1,0,0,0,0,0,0,1,0,0,0,0,0,0,0,0,0,0,0,0,0,0,0,1,0,0,0,0,0,0,0,0,0,0,0,0,1,0,0,0,0,1,0,0,0,0,0,0,1,0,0,1,0,0.2362171920566588
54,0.1438356164383561,0.075360489845521,0.8888888888888888,0.5,0.9855072463768116,0.9833333333333332,0.4675,0.3373493975903614,0.0315802680247579,0.1335616438356164,0,0,0,0,1,0,0,0,0,0,0,0,0,0,0,0,0,0,1,0,0,0,0,1,0,0,0,0,0,0,0,0,0,0,0,1,0,0,0,0,0,0,0,0,0,0,0,1,0,0,0,0,0,0,0,0,0,0,0,0,0,0,0,0,1,0,0,0,0,0,0,0,0,0,0,0,1,0,0,0,0,0,0,0,0,1,0,0,1,0,0,1,0,0.648433550895709
55,0.1917808219178082,0.034088200238379,0.3333333333333333,0.625,0.6159420289855072,0.1166666666666666,0.0648032885674931,0.0510276399716513,0.0315802680247579,0.2649828767123288,0,0,0,0,0,0,0,0,0,0,0,0,0,1,0,0,1,0,0,0,0,0,0,0,0,0,0,0,0,0,0,1,0,0,0,1,0,0,0,0,0,0,0,0,0,0,0,1,0,0,0,0,0,0,0,0,0,0,1,0,0,0,0,0,0,0,0,0,0,0,0,0,0,0,0,0,1,0,0,0,0,1,0,0,0,0,0,0,1,0,0,1,0,0.1029134842383002
56,0.1506849315068493,0.0349014933744654,0.6666666666666666,0.5,0.9637681159420288,0.9166666666666666,0.0648032885674931,0.0042523033309709,0.0315802680247579,0.550513698630137,0,0,0,0,1,0,0,0,0,0,0,0,0,0,0,0,1,0,0,0,0,0,0,1,0,0,0,0,0,0,0,0,0,0,0,1,0,0,0,0,0,0,0,0,0,0,0,0,0,1,0,0,0,0,0,0,0,0,0,0,0,0,0,0,0,0,0,0,0,0,1,0,0,0,0,0,1,0,0,0,0,0,0,0,0,1,0,0,1,0,0,1,0,0.1806554645188168
57,0.0753424657534246,0.026885414475683,0.6666666666666666,0.5,0.9637681159420288,0.9166666666666666,0.15,0.1167611622962438,0.0315802680247579,0.3017979452054795,0,0,0,0,1,0,0,0,0,0,0,0,0,0,0,0,0,0,1,0,0,0,0,1,0,0,0,0,0,0,0,0,0,1,0,0,0,0,0,0,0,0,0,0,0,0,0,0,0,1,0,0,0,0,0,0,0,0,0,0,0,0,1,0,0,0,0,0,0,0,0,0,0,0,0,0,1,0,0,0,0,1,0,0,0,0,0,0,1,0,0,1,0,0.2096236633800861
58,0.2089041095890411,0.0272780387482764,0.5555555555555556,0.625,0.5362318840579711,0.0,0.264375,0.0857547838412473,0.0315802680247579,0.2119006849315068,0,0,0,0,0,0,0,0,0,0,0,0,0,1,0,0,0,1,0,0,0,0,0,0,0,0,0,0,0,0,0,1,0,0,0,0,0,0,0,0,0,0,0,1,0,0,0,0,0,1,0,0,0,0,0,0,0,0,0,0,0,0,0,0,0,0,0,0,0,0,0,1,0,0,0,0,0,0,1,0,0,1,0,0,0,0,0,0,1,0,0,0,1,0.1528954311901124
59,0.0924657534246575,0.0735843324218841,0.5555555555555556,0.5,0.7753623188405797,0.8,0.0648032885674931,0.0786037785307224,0.0315802680247579,0.5830479452054794,0,1,0,0,0,0,0,0,0,0,0,0,0,0,0,0,1,0,0,0,1,0,0,0,0,0,0,0,0,0,0,0,0,0,0,1,0,0,0,0,0,0,0,0,0,0,0,0,0,1,0,0,0,0,0,0,0,0,0,0,0,0,0,1,0,0,0,0,0,0,0,0,0,0,0,0,1,0,0,0,0,1,0,0,0,0,0,0,1,0,0,1,0,0.2028884877100402
60,0.0102739726027397,0.0058145785131692,0.6666666666666666,0.5,0.9637681159420288,0.9166666666666666,0.0648032885674931,0.0786037785307224,0.0315802680247579,0.2568493150684932,0,0,0,0,0,0,0,0,0,0,0,0,0,1,0,0,1,0,0,0,0,0,0,0,0,0,0,0,0,0,0,1,0,0,0,0,0,0,0,0,0,0,0,0,0,0,1,0,0,1,0,0,0,0,0,0,0,0,0,0,0,0,0,0,0,1,0,0,0,0,0,0,0,0,0,0,0,0,0,1,0,1,0,0,0,0,0,0,0,1,0,1,0,0.1562283016247743
61,0.1335616438356164,0.0219682628712987,0.4444444444444444,0.5,0.391304347826087,0.0,0.0648032885674931,0.0786037785307224,0.0315802680247579,0.4315068493150685,0,0,0,0,0,0,0,1,0,0,0,0,0,0,0,0,1,0,0,0,0,0,0,0,0,0,1,0,0,0,0,0,0,0,0,0,0,0,0,1,0,0,0,0,0,0,0,0,0,1,0,0,0,0,0,0,0,0,0,0,1,0,0,0,0,0,0,0,0,0,0,0,0,0,0,0,1,0,0,0,0,1,0,0,0,0,0,0,1,0,0,1,0,0.0931815025690876
62,0.1679793094795433,0.0473158989459907,0.7777777777777778,0.5,0.9347826086956522,0.8666666666666667,0.299375,0.2406094968107725,0.0315802680247579,0.0954623287671233,0,0,0,0,1,0,0,0,0,0,0,0,0,0,0,0,0,1,0,0,0,0,0,1,0,0,0,0,0,0,0,0,0,0,0,1,0,0,0,0,0,0,0,0,0,0,0,0,0,1,0,0,0,0,0,0,0,0,0,0,0,0,0,0,0,0,0,0,0,0,1,0,0,0,0,0,1,0,0,0,0,1,0,0,0,0,0,0,1,0,0,1,0,0.3292598250243022
63,0.2020547945205479,0.0425342961976208,0.6666666666666666,0.5,0.7536231884057971,0.4333333333333333,0.118125,0.0786037785307224,0.0315802680247579,0.4666095890410959,0,1,0,0,0,0,0,0,0,0,0,0,0,0,0,0,0,1,0,0,1,0,0,0,0,0,0,0,0,0,0,0,0,0,0,1,0,0,0,0,0,0,0,0,0,0,0,0,0,1,0,0,0,0,0,0,0,0,0,0,0,0,0,1,0,0,0,0,0,0,0,0,0,0,0,0,1,0,0,0,0,1,0,0,0,0,0,0,1,0,0,1,0,0.1626163032912095
64,0.184931506849315,0.0306714342471195,0.5555555555555556,0.5,0.9927536231884058,0.9833333333333332,0.0648032885674931,0.0047838412473423,0.0315802680247579,0.509845890410959,0,0,0,0,1,0,0,0,0,0,0,0,0,0,0,0,1,0,0,0,0,0,0,1,0,0,0,0,0,0,0,0,0,0,0,1,0,0,0,0,0,0,0,0,0,0,0,0,0,1,0,0,0,0,0,0,0,0,0,0,0,0,0,0,0,1,0,0,0,0,0,0,0,0,0,0,0,0,0,1,0,0,0,0,0,1,0,0,1,0,0,1,0,0.2407998889043188
65,0.1678082191780822,0.0334758933370726,0.5555555555555556,0.5,0.8840579710144928,0.7333333333333333,0.065625,0.1442239546420978,0.0315802680247579,0.0488013698630137,0,1,0,0,0,0,0,0,0,0,0,0,0,0,0,0,0,1,0,0,1,0,0,0,0,0,0,0,0,0,0,0,0,0,0,0,0,0,0,0,1,0,0,0,0,0,0,0,0,1,0,0,0,0,0,0,0,0,0,0,0,0,0,0,0,0,0,0,1,0,0,0,0,0,0,0,1,0,0,0,0,1,0,0,0,0,0,0,1,0,0,1,0,0.230662407998889
66,0.160958904109589,0.0352707471546425,0.5555555555555556,0.5,0.9637681159420288,0.9333333333333332,0.0648032885674931,0.0786037785307224,0.0315802680247579,0.3210616438356164,0,0,0,0,1,0,0,0,0,0,0,0,0,0,0,0,1,0,0,0,0,0,0,1,0,0,0,0,0,0,0,0,0,0,0,0,0,0,0,0,1,0,0,0,0,0,0,0,0,1,0,0,0,0,0,0,0,0,0,0,0,0,0,0,0,0,0,0,0,0,1,0,0,0,0,0,1,0,0,0,0,0,0,0,0,1,0,0,1,0,0,1,0,0.1930287460074989
67,0.2020547945205479,0.0387950174110168,0.5555555555555556,0.875,0.7536231884057971,0.4333333333333333,0.0648032885674931,0.1732813607370659,0.0315802680247579,0.1215753424657534,0,0,0,0,0,0,0,0,0,0,0,0,0,1,0,0,1,0,0,0,0,0,0,0,0,0,0,0,0,0,0,1,0,0,0,1,0,0,0,0,0,0,0,0,0,0,0,0,0,1,0,0,0,0,0,0,0,1,0,0,0,0,0,0,0,0,0,0,0,0,0,0,0,0,0,0,1,0,0,0,0,1,0,0,0,0,0,0,1,0,0,1,0,0.2035828357172615
68,0.1130136986301369,0.0293907312627077,0.6666666666666666,0.625,0.3478260869565217,0.0,0.0648032885674931,0.0623671155209071,0.0315802680247579,0.1887842465753424,0,0,0,0,0,0,1,0,0,0,0,0,0,0,0,0,1,0,0,0,0,0,0,0,0,1,0,0,0,0,0,0,0,0,0,0,0,0,0,0,0,0,1,0,0,0,0,0,0,1,0,0,0,0,0,0,0,0,0,0,0,0,0,0,0,0,0,0,0,0,0,1,0,0,0,0,1,0,0,0,0,1,0,0,0,0,0,0,1,0,0,1,0,0.2294125815858908
69,0.1679793094795433,0.0563041903292902,0.6666666666666666,0.5,0.8695652173913043,0.8333333333333334,0.0648032885674931,0.1289865343727852,0.0315802680247579,0.1571061643835616,0,1,0,0,0,0,0,0,0,0,0,0,0,0,0,0,1,0,0,0,1,0,0,0,0,0,0,0,0,0,0,0,0,0,0,0,0,0,0,0,1,0,0,0,0,0,0,0,0,1,0,0,0,0,0,0,1,0,0,0,0,0,0,0,0,0,0,0,0,0,0,0,0,0,0,0,1,0,0,0,0,1,0,0,0,0,0,0,1,0,0,1,0,0.3237050409665324
70,0.1541095890410959,0.0285073266493725,0.6666666666666666,0.5,0.9057971014492754,0.8,1.0,0.1149893692416725,0.0315802680247579,0.1395547945205479,0,0,0,0,1,0,0,0,0,0,0,0,0,0,0,0,0,1,0,0,0,0,0,1,0,0,0,0,0,0,0,0,0,0,0,0,0,0,0,0,1,0,0,0,0,0,0,1,0,0,0,0,0,0,0,0,0,0,0,0,0,0,0,0,0,1,0,0,0,0,0,0,0,0,0,0,0,0,0,1,0,1,0,0,0,0,0,0,0,1,0,1,0,0.2834328565477017
71,0.1301369863013698,0.0322419313374932,0.6666666666666666,0.5,0.9565217391304348,0.9,0.09125,0.1275690999291282,0.0315802680247579,0.2731164383561644,0,0,0,0,1,0,0,0,0,0,0,0,0,0,0,0,0,0,1,0,0,0,0,1,0,0,0,0,0,0,0,0,0,1,0,0,0,0,0,0,0,0,0,0,0,0,0,0,0,1,0,0,0,0,0,0,0,0,0,0,0,0,1,0,0,0,0,0,0,0,0,0,0,0,0,0,0,1,0,0,0,1,0,0,0,0,0,0,1,0,0,1,0,0.2389945840855436
72,0.0582191780821917,0.0638622075767136,0.7777777777777778,0.5,0.8985507246376812,0.7666666666666667,0.0648032885674931,0.1392629340892983,0.0315802680247579,0.2029109589041096,0,0,0,0,0,0,0,0,0,0,1,0,0,0,0,0,1,0,0,0,0,0,0,0,0,0,0,0,0,1,0,0,0,1,0,0,0,0,0,0,0,0,0,0,0,0,0,0,0,1,0,0,0,0,0,0,0,1,0,0,0,0,0,0,0,0,0,0,0,0,0,0,0,0,0,0,1,0,0,0,0,1,0,0,0,0,0,0,1,0,0,1,0,0.2924593806415775
73,0.2363013698630137,0.0486106242258524,0.5555555555555556,0.625,0.6956521739130435,0.3,0.228125,0.068036853295535,0.1187245590230664,0.0612157534246575,0,0,1,0,0,0,0,0,0,0,0,0,0,0,0,0,0,1,0,0,1,0,0,0,0,0,0,0,0,0,0,0,0,0,0,0,0,0,0,0,1,0,0,0,0,0,0,0,0,0,1,0,0,0,0,0,0,0,0,0,0,0,0,1,0,0,0,0,0,0,0,0,0,0,0,0,1,0,0,0,0,1,0,0,0,0,0,0,1,0,0,1,0,0.1945563116233856
74,0.0787671232876712,0.0240342144008974,0.7777777777777778,0.5,0.9710144927536232,0.9333333333333332,0.11125,0.0042523033309709,0.0315802680247579,0.5761986301369864,0,0,0,0,1,0,0,0,0,0,0,0,0,0,0,0,0,0,1,0,0,0,0,1,0,0,0,0,0,0,0,0,0,1,0,0,0,0,0,0,0,0,0,0,0,0,0,0,0,1,0,0,0,0,0,0,0,0,0,0,0,0,1,0,0,0,0,0,0,0,0,0,0,0,0,0,1,0,0,0,0,1,0,0,0,0,0,0,1,0,0,1,0,0.2327454520205527
75,0.1438356164383561,0.0550234873448783,0.5555555555555556,0.5,0.9637681159420288,0.9166666666666666,0.0648032885674931,0.0786037785307224,0.0315802680247579,0.4884417808219178,0,0,0,0,1,0,0,0,0,0,0,0,0,0,0,0,1,0,0,0,0,0,0,1,0,0,0,0,0,0,0,0,0,0,0,1,0,0,0,0,0,0,0,0,0,0,0,0,0,1,0,0,0,0,0,0,0,0,0,0,0,0,0,0,0,0,0,0,1,0,0,0,0,0,0,0,1,0,0,0,0,1,0,0,0,0,0,0,1,0,0,1,0,0.1494236911540064
76,0.1472602739726027,0.0281100282782958,0.6666666666666666,0.5,0.9782608695652174,0.95,0.05125,0.1282778171509567,0.0315802680247579,0.2174657534246575,0,0,0,0,1,0,0,0,0,0,0,0,0,0,0,0,0,0,1,0,0,0,0,1,0,0,0,0,0,0,0,0,0,0,0,1,0,0,0,0,0,0,0,0,0,0,0,0,0,1,0,0,0,0,0,0,0,0,0,0,0,0,0,0,0,0,0,0,0,0,1,0,0,0,0,0,1,0,0,0,0,1,0,0,0,0,0,0,1,0,0,1,0,0.2216358839050131
77,0.2431506849315068,0.0497884970436327,0.6666666666666666,0.625,0.7608695652173914,0.45,0.0648032885674931,0.0786037785307224,0.0315802680247579,0.3458904109589041,0,0,0,0,0,0,0,0,0,0,0,0,1,0,0,0,1,0,0,0,0,0,1,0,0,0,0,0,0,0,0,0,0,0,0,0,0,0,0,0,1,0,0,0,0,0,0,0,0,0,1,0,0,0,0,0,0,0,0,0,0,0,0,1,0,0,0,0,0,0,0,0,0,0,0,0,1,0,0,0,0,1,0,0,0,0,0,0,1,0,0,1,0,0.2153867518400222
78,0.5513698630136986,0.0620346350697609,0.6666666666666666,0.5,0.9565217391304348,0.9,0.0648032885674931,0.2303330970942594,0.0315802680247579,0.098458904109589,0,0,0,0,1,0,0,0,0,0,0,0,0,0,0,0,1,0,0,0,0,0,0,1,0,0,0,0,0,0,0,0,0,0,0,1,0,0,0,0,0,0,0,0,0,0,0,1,0,0,0,0,0,0,0,0,0,0,0,1,0,0,0,0,0,0,0,0,0,0,0,0,0,0,0,0,1,0,0,0,0,1,0,0,0,0,0,0,1,0,0,1,0,0.3112067768365504
79,0.339041095890411,0.0668910233938629,0.7777777777777778,0.5,0.9710144927536232,0.9333333333333332,0.0648032885674931,0.0786037785307224,0.0315802680247579,0.4619006849315068,0,0,0,0,1,0,0,0,0,0,0,0,0,0,0,0,1,0,0,0,0,0,0,1,0,0,0,0,0,0,0,0,0,0,0,0,0,0,0,0,1,0,0,0,0,0,0,0,0,1,0,0,0,0,0,0,0,0,0,0,0,0,0,0,0,0,0,0,0,0,1,0,0,0,0,0,1,0,0,0,0,0,0,0,0,1,0,0,1,0,0,1,0,0.2754200805443688
80,0.2191780821917808,0.0455677861132534,0.7777777777777778,0.5,0.9782608695652174,0.95,0.0648032885674931,0.0786037785307224,0.0315802680247579,0.5282534246575342,0,0,0,0,1,0,0,0,0,0,0,0,0,0,0,0,1,0,0,0,0,0,0,1,0,0,0,0,0,0,0,0,0,0,0,1,0,0,0,0,0,0,0,0,0,0,0,0,0,1,0,0,0,0,0,0,0,0,0,0,0,0,0,0,0,0,0,0,0,0,1,0,0,0,0,0,1,0,0,0,0,1,0,0,0,0,0,0,1,0,0,1,0,0.2013609220941536
81,0.0890410958904109,0.0154619177826076,0.3333333333333333,0.625,0.5289855072463768,0.0,0.0648032885674931,0.0786037785307224,0.0315802680247579,0.319777397260274,0,0,0,0,0,0,0,0,0,0,0,0,0,1,0,0,1,0,0,0,0,0,0,0,0,0,0,0,0,0,0,1,0,0,1,0,0,0,0,0,0,0,0,0,0,0,0,0,0,1,0,0,0,0,0,1,0,0,0,0,0,0,0,0,0,0,0,0,0,0,0,0,0,0,0,0,0,1,0,0,0,1,0,0,0,0,0,0,1,0,0,1,0,0.0626301902513539
82,0.1679793094795433,0.0267919325060179,0.4444444444444444,0.5,0.7753623188405797,0.4833333333333333,0.0648032885674931,0.1670800850460666,0.0315802680247579,0.2428255183899418,0,0,0,0,0,0,0,0,0,0,0,0,0,1,0,0,1,0,0,0,0,0,0,0,0,0,0,0,0,0,0,1,0,0,0,0,0,0,0,0,0,0,0,1,0,0,0,0,0,1,0,0,0,0,0,0,0,0,1,0,0,0,0,0,0,0,0,0,0,0,0,0,0,0,0,0,1,0,0,0,0,1,0,0,0,0,0,0,1,0,0,1,0,0.1403416192195528
83,0.2534246575342466,0.057729790366683,0.6666666666666666,0.625,0.7318840579710145,0.3833333333333333,0.696875,0.3330970942593905,0.0315802680247579,0.1468321917808219,0,0,0,0,0,0,0,0,0,0,0,0,1,0,0,0,0,1,0,0,0,0,0,0,0,0,0,0,0,0,1,0,0,0,0,1,0,0,0,0,0,0,0,0,0,0,0,0,0,1,0,0,0,0,0,0,0,0,1,0,0,0,0,0,0,0,0,0,0,0,0,0,0,0,0,0,1,0,0,0,0,1,0,0,0,0,0,0,1,0,0,1,0,0.2903763366199139
84,0.1986301369863013,0.0382341255930262,0.4444444444444444,0.75,0.5072463768115942,0.75,0.14,0.0683912119064493,0.0315802680247579,0.1464041095890411,0,0,0,0,0,0,0,0,0,0,0,0,0,1,0,0,0,0,1,0,0,0,0,0,0,0,0,0,0,0,0,1,0,0,0,0,0,0,0,0,0,0,1,0,0,0,0,0,0,1,0,0,0,0,0,0,0,0,1,0,0,0,0,0,0,0,0,0,0,0,0,0,0,0,0,0,1,0,0,0,0,1,0,0,0,0,0,0,1,0,0,1,0,0.1549784752117761
85,0.1506849315068493,0.0303816401411577,0.4444444444444444,0.75,0.4855072463768116,0.0,0.0648032885674931,0.0898299078667611,0.0315802680247579,0.122431506849315,0,0,0,0,0,0,0,0,0,0,0,0,0,1,0,0,1,0,0,0,0,0,0,0,0,0,0,0,0,0,0,1,0,0,0,0,0,1,0,0,0,0,0,0,0,0,0,0,0,1,0,0,0,0,0,1,0,0,0,0,0,0,0,0,0,0,0,0,0,0,0,0,0,0,0,0,0,1,0,0,0,1,0,0,0,0,0,0,1,0,0,1,0,0.1180391612276072
86,0.184931506849315,0.0391455747972609,0.6666666666666666,0.5,0.9637681159420288,0.9166666666666666,0.0648032885674931,0.0604181431608788,0.0315802680247579,0.3304794520547945,0,0,0,0,1,0,0,0,0,0,0,0,0,0,0,0,1,0,0,0,0,0,0,1,0,0,0,0,0,0,0,0,0,0,0,0,0,0,0,0,1,0,0,0,0,0,0,0,0,1,0,0,0,0,0,0,0,0,0,0,0,0,0,0,0,1,0,0,0,0,0,0,0,0,0,0,1,0,0,0,0,1,0,0,0,0,0,0,1,0,0,1,0,0.3028746007498958
87,0.1335616438356164,0.0387950174110168,0.3333333333333333,0.75,0.5652173913043478,0.75,0.0648032885674931,0.0783132530120482,0.0315802680247579,0.2675513698630137,0,1,0,0,0,0,0,0,0,0,0,0,0,0,0,0,1,0,0,0,0,0,0,1,0,0,0,0,0,0,0,0,0,0,0,1,0,0,0,0,0,0,0,0,0,0,0,0,0,1,0,0,0,0,0,0,0,0,0,0,0,0,0,0,0,0,0,0,0,1,0,0,0,0,0,0,1,0,0,0,0,1,0,0,0,0,0,0,1,0,0,1,0,0.129287598944591
88,0.0102739726027397,0.0057117483465376,0.5555555555555556,0.5,0.9565217391304348,0.9333333333333332,0.03125,0.0786037785307224,0.0315802680247579,0.4152397260273973,0,0,0,0,1,0,0,0,0,0,0,0,0,0,0,0,0,0,1,0,0,0,0,1,0,0,0,0,0,0,0,0,0,0,0,0,0,0,0,0,0,0,0,0,0,0,1,0,0,1,0,0,0,1,0,0,0,0,0,0,0,0,0,0,0,0,0,0,0,0,0,0,0,0,0,0,0,1,0,0,0,1,0,0,0,0,0,0,1,0,0,1,0,0.1320649909734759
89,0.1335616438356164,0.0365514501390544,0.6666666666666666,0.625,0.3840579710144927,0.0,0.0648032885674931,0.0582919914953933,0.0315802680247579,0.2983732876712329,0,0,0,0,0,0,0,1,0,0,0,0,0,0,0,0,1,0,0,0,0,0,0,0,0,0,1,0,0,0,0,0,0,0,0,0,0,0,0,1,0,0,0,0,0,0,0,0,0,1,0,0,0,0,1,0,0,0,0,0,0,0,0,0,0,0,0,0,0,0,0,0,0,0,0,0,1,0,0,0,0,1,0,0,0,0,0,0,0,1,0,1,0,0.2070545757533675
90,0.1472602739726027,0.042884853583865,0.7777777777777778,0.5,0.9855072463768116,0.9666666666666668,0.045,0.0786037785307224,0.0315802680247579,0.7251712328767124,0,0,0,0,1,0,0,0,0,0,0,0,0,0,0,0,0,0,1,0,0,0,0,1,0,0,0,0,0,0,0,0,0,0,0,1,0,0,0,0,0,0,0,0,0,0,0,0,0,1,0,0,0,0,0,0,0,0,0,0,0,0,0,0,0,0,0,0,0,0,1,0,0,0,0,0,1,0,0,0,0,1,0,0,0,0,0,0,1,0,0,1,0,0.2922510762394112
91,0.0958904109589041,0.0652317184323073,0.7777777777777778,0.5,0.9782608695652174,0.95,0.0525,0.1645995747696669,0.0315802680247579,0.238013698630137,0,0,0,0,1,0,0,0,0,0,0,0,0,0,0,0,0,0,1,0,0,0,0,1,0,0,0,0,0,0,0,0,0,0,0,1,0,0,0,0,0,0,0,0,0,0,0,0,0,1,0,0,0,0,0,0,0,0,0,0,0,0,0,0,0,1,0,0,0,0,0,0,0,0,0,0,1,0,0,0,0,1,0,0,0,0,0,0,1,0,0,1,0,0.3444271628940425
92,0.1917808219178082,0.0369534226086143,0.5555555555555556,0.5,0.8188405797101449,0.5833333333333334,0.21,0.0786037785307224,0.0315802680247579,0.317208904109589,0,1,0,0,0,0,0,0,0,0,0,0,0,0,0,0,0,1,0,0,1,0,0,0,0,0,0,0,0,0,0,0,0,0,0,0,0,0,0,0,1,0,0,0,0,0,0,0,0,1,0,0,0,0,0,0,0,0,0,0,0,0,0,0,0,0,0,0,1,0,0,0,0,0,0,0,1,0,0,0,0,1,0,0,0,0,0,0,1,0,0,1,0,0.1987223996667129
93,0.160958904109589,0.044259038537942,0.7777777777777778,0.5,0.9782608695652174,0.95,0.0648032885674931,0.0035435861091424,0.0315802680247579,0.3621575342465753,0,0,0,0,1,0,0,0,0,0,0,0,0,0,0,0,1,0,0,0,0,0,0,1,0,0,0,0,0,0,0,0,0,0,0,0,0,0,0,0,1,0,0,0,0,0,0,0,0,1,0,0,0,0,0,0,0,0,0,0,0,0,0,0,0,0,0,0,0,0,1,0,0,0,0,0,1,0,0,0,0,1,0,0,0,0,0,0,1,0,0,1,0,0.2459380641577558
94,0.1815068493150685,0.021351281871509,0.4444444444444444,0.75,0.6086956521739131,0.8333333333333334,0.0648032885674931,0.0439404677533664,0.1628222523744912,0.1917808219178082,0,0,0,0,0,0,0,0,0,0,0,0,0,1,0,0,1,0,0,0,0,0,0,0,0,0,0,0,0,0,0,1,0,0,0,1,0,0,0,0,0,0,0,0,0,0,0,0,0,1,0,0,0,0,0,0,0,0,1,0,0,0,0,0,0,0,0,0,0,0,0,0,0,0,0,0,1,0,0,0,0,1,0,0,0,0,0,0,1,0,0,1,0,0.1306762949590334
95,0.1678082191780822,0.0348173596017668,0.6666666666666666,0.5,0.9420289855072465,0.8666666666666667,0.0625,0.0786037785307224,0.0315802680247579,0.6245719178082192,0,0,0,0,1,0,0,0,0,0,0,0,0,0,0,0,0,1,0,0,0,0,0,1,0,0,0,0,0,0,0,0,0,0,0,1,0,0,0,0,0,0,0,0,0,0,0,0,0,1,0,0,0,0,0,0,0,0,0,0,0,0,0,0,0,0,0,0,0,0,1,0,0,0,0,0,1,0,0,0,0,1,0,0,0,0,0,0,1,0,0,1,0,0.2181641438689071
96,0.1267123287671233,0.0446469887120521,0.5555555555555556,0.5,0.927536231884058,0.8333333333333334,0.0648032885674931,0.1392629340892983,0.0315802680247579,0.0740582191780822,0,0,0,0,1,0,0,0,0,0,0,0,0,0,0,0,1,0,0,0,0,0,0,1,0,0,0,0,0,0,0,0,0,0,0,0,0,0,0,0,1,0,0,0,0,0,0,0,0,1,0,0,0,0,0,0,0,0,0,1,0,0,0,0,0,0,0,0,0,0,0,0,0,0,0,0,1,0,0,0,0,1,0,0,0,0,0,0,1,0,0,1,0,0.1917789195945007
97,0.0993150684931506,0.0266423613545537,0.5555555555555556,0.625,0.3768115942028985,0.0,0.0648032885674931,0.1093196314670446,0.0315802680247579,0.2428255183899418,0,0,0,0,0,0,0,0,0,0,0,0,0,1,0,0,1,0,0,0,0,0,0,0,0,0,0,0,0,0,0,1,0,0,0,0,0,0,0,1,0,0,0,0,0,0,0,0,0,1,0,0,0,0,0,1,0,0,0,0,0,0,0,0,0,0,0,0,0,0,0,0,0,0,0,0,1,0,0,0,0,0,0,0,1,0,0,0,1,0,0,1,0,0.107068462713512
98,0.3732876712328767,0.0387950174110168,0.4444444444444444,0.75,0.4927536231884058,0.0,0.0648032885674931,0.0758327427356484,0.0315802680247579,0.1284246575342466,0,0,0,0,0,0,0,0,0,0,0,0,0,1,0,0,1,0,0,0,0,0,0,0,0,0,0,0,0,0,0,1,0,0,0,0,0,0,0,1,0,0,0,0,0,0,0,0,0,1,0,0,0,0,0,0,0,0,0,0,0,0,0,0,0,0,0,0,0,0,0,1,0,0,0,0,1,0,0,0,0,1,0,0,0,0,0,0,1,0,0,0,1,0.173725871406749
99,0.2157534246575342,0.0605763163429853,0.7777777777777778,0.5,0.927536231884058,0.8333333333333334,0.21875,0.1160524450744153,0.0315802680247579,0.2097602739726027,0,0,0,0,1,0,0,0,0,0,0,0,0,0,0,0,0,1,0,0,0,0,0,1,0,0,0,0,0,0,0,0,0,0,0,0,0,0,0,0,1,0,0,0,0,0,0,0,0,1,0,0,0,0,0,0,1,0,0,0,0,0,0,0,0,0,0,0,0,0,0,0,0,0,0,0,1,0,0,0,0,1,0,0,0,0,0,0,1,0,0,1,0,0.2987085127065685
