0.02014303207397461,-1e+100,5.772814231506665
0.05667614936828613,-1e+100,4.6351855050267385
0.08528423309326172,0.030054196191249022,4.6351855050267385
0.1232142448425293,0.030054196191249022,2.6025397567037314
0.17039108276367188,0.030054196191249022,2.3838347915682627
0.18369412422180176,0.030054196191249022,2.3838347915682623
0.2447202205657959,0.030054196191249022,1.8964810801899403
0.2602729797363281,0.030054196191249022,1.8865088881289027
0.3052229881286621,0.030054196191249022,1.840514258689927
0.31296300888061523,0.030054196191249022,1.838784764240035
0.34883785247802734,0.030054196191249022,1.8222531023076907
0.36966395378112793,0.030054196191249022,1.8205988141415304
0.40271997451782227,0.030054196191249022,1.8175771453959797
0.42664289474487305,0.030054196191249022,1.8172991239042027
0.4647228717803955,0.030054196191249022,1.81567910993868
0.6055920124053955,0.030054196191249022,1.8153878251840432
0.6056110858917236,0.030054196191249022,1.8143078903262315
0.6204760074615479,0.030054196191249022,1.8108370393442124
0.6204969882965088,0.030054196191249022,1.8101904477562314
0.6206231117248535,0.030054196191249022,1.804684985948477
0.6289479732513428,0.030054196191249022,1.80392143243138
0.6289670467376709,0.030054196191249022,1.8032990325694824
1.5746290683746338,0.030054196191249022,1.794387354425158
1.9920289516448975,0.030054196191249022,1.794362113966937
2.2408859729766846,0.030054196191249022,1.7935157123622807
2.601128101348877,0.030054196191249022,1.79288267309841
2.828105926513672,0.030054196191249022,1.7895585602683162
6.109333038330078,0.030054196191249022,1.7869971487491367
6.21691107749939,0.030054196191249022,1.786943527746192
6.285918951034546,0.030054196191249022,1.7863850144195115
6.350649118423462,0.030054196191249022,1.7863356487737223
6.439378023147583,0.030054196191249022,1.7863175935806304
6.690464019775391,0.030054196191249022,1.786287164552459
6.740706205368042,0.030054196191249022,1.784495019819624
7.303182125091553,0.030054196191249022,1.780397400586606
7.303599119186401,0.030054196191249022,1.778039920543872
7.303936004638672,0.030054196191249022,1.7729235375251682
7.34424614906311,0.030054196191249022,1.772275645696765
7.378001928329468,0.030054196191249022,1.7684541878358608
7.483197927474976,0.030054196191249022,1.7669622677687278
7.506813049316406,0.030054196191249022,1.7656591497388083
7.559841156005859,0.030054196191249022,1.7635305802626686
9.295298099517822,0.030054196191249022,1.7550424729503706
10.174849033355713,0.030054196191249022,1.7536173588343316
10.852197885513306,0.030054196191249022,1.7527510155803545
10.852697134017944,0.030054196191249022,1.7521264792628393
10.853251218795776,0.030054196191249022,1.7511271308072498
11.30774998664856,0.030054196191249022,1.7510489307766262
11.308451175689697,0.030054196191249022,1.750343820567106
11.842528104782104,0.030054196191249022,1.7499599331695688
12.250892162322998,0.030054196191249022,1.7457874847597883
13.06817102432251,0.030054196191249022,1.7417708996998125
13.516131162643433,0.030054196191249022,1.7414928553277353
14.047049045562744,0.030054196191249022,1.7400456059847156
14.850839138031006,0.030054196191249022,1.7400398823779049
15.605676174163818,0.030054196191249022,1.7371482954683164
15.606292009353638,0.030054196191249022,1.7355386834565572
15.607056140899658,0.030054196191249022,1.7338835156867956
16.284282207489014,0.030054196191249022,1.7333062406131143
16.28486204147339,0.030054196191249022,1.729425710833549
16.28572106361389,0.030054196191249022,1.7287582413559064
18.40855598449707,0.030054196191249022,1.7276332992698367
18.40921902656555,0.030054196191249022,1.7270788550720753
18.40994620323181,0.030054196191249022,1.7233214564424597
18.85423994064331,0.030054196191249022,1.7217391871029482
18.854766130447388,0.030054196191249022,1.7208309800212838
18.85544204711914,0.030054196191249022,1.7199531655884626
18.8560471534729,0.030054196191249022,1.7192440647137546
18.856733083724976,0.030054196191249022,1.7184031524349566
18.857332944869995,0.030054196191249022,1.718131382265235
46.4292471408844,0.030054196191249022,1.698219795921644
46.43065285682678,0.030054196191249022,1.6980399339620333
46.43216109275818,0.030054196191249022,1.6979549320673206
53.315218925476074,0.030054196191249022,1.6971847048453867
53.316680908203125,0.030054196191249022,1.6950486689654611
53.31807589530945,0.030054196191249022,1.6946786632624689
53.31890606880188,0.030054196191249022,1.6937575478016573
53.32025718688965,0.030054196191249022,1.6925446528974935
53.32167196273804,0.030054196191249022,1.6912651699600345
53.32302212715149,0.030054196191249022,1.686600644215174
53.324459075927734,0.030054196191249022,1.6842577299451658
54.53898286819458,0.030054196191249022,1.6841143714151463
54.5411012172699,0.030054196191249022,1.681987123903214
54.54252004623413,0.030054196191249022,1.681930019443754
54.543896198272705,0.030054196191249022,1.6803757784514906
54.54585599899292,0.030054196191249022,1.678311584219141
54.54756307601929,0.030054196191249022,1.675196180241561
54.550610065460205,0.030054196191249022,1.6741978436028337
56.12728404998779,0.030054196191249022,1.672341088569572
56.128986120224,0.030054196191249022,1.6679074182655698
56.13069486618042,0.030054196191249022,1.6656191794863435
56.13364005088806,0.030054196191249022,1.6642149029955655
56.136059045791626,0.030054196191249022,1.6628849550788245
56.13877511024475,0.030054196191249022,1.661080898460583
56.14117407798767,0.030054196191249022,1.6607882677312436
56.14309811592102,0.030054196191249022,1.6493363760847415
57.75567698478699,0.030054196191249022,1.6490731922436501
57.757482051849365,0.030054196191249022,1.6489081183417804
57.75938892364502,0.030054196191249022,1.6479305779364855
57.76165986061096,0.030054196191249022,1.6477971361950015
57.76309609413147,0.030054196191249022,1.6467006117161453
57.76555395126343,0.030054196191249022,1.645692011629155
57.76765203475952,0.030054196191249022,1.6446011534141818
59.307000160217285,0.030054196191249022,1.6439832578777267
59.30846309661865,0.030054196191249022,1.6408205744669102
59.3100950717926,0.030054196191249022,1.6376116145875845
59.31141901016235,0.030054196191249022,1.6357954649085846
59.31262707710266,0.030054196191249022,1.6340874104862797
59.314427852630615,0.030054196191249022,1.6336708847301538
59.317241191864014,0.030054196191249022,1.6214468601100376
60.756229877471924,0.030054196191249022,1.619574660595206
60.758180141448975,0.030054196191249022,1.6195460721774537
60.76093006134033,0.030054196191249022,1.6194404186920532
60.76294207572937,0.030054196191249022,1.6181699632850932
60.76516008377075,0.030054196191249022,1.6176633622373542
60.76935911178589,0.030054196191249022,1.6149639933216262
60.77187895774841,0.030054196191249022,1.6111884224078312
62.3584041595459,0.030054196191249022,1.6077617317846693
62.35996389389038,0.030054196191249022,1.6057035478638766
62.36121916770935,0.030054196191249022,1.6054108323418526
62.36448526382446,0.030054196191249022,1.6049248015744706
62.36638808250427,0.030054196191249022,1.604916331665663
62.369163036346436,0.030054196191249022,1.604755656186061
62.37128019332886,0.030054196191249022,1.6013988797386587
64.37845611572266,0.030054196191249022,1.5988530874634337
64.38165092468262,0.030054196191249022,1.5975890246317925
64.3831639289856,0.030054196191249022,1.59715833663051
64.38740110397339,0.030054196191249022,1.596192748869709
64.3887791633606,0.030054196191249022,1.5955829092857003
64.39160013198853,0.030054196191249022,1.5924426878768319
66.32266116142273,0.030054196191249022,1.5921088500307297
66.32481622695923,0.030054196191249022,1.5911723650340672
66.32705402374268,0.030054196191249022,1.5909169869174495
66.33057904243469,0.030054196191249022,1.586104201770879
66.33250999450684,0.030054196191249022,1.5859691550766055
66.33553218841553,0.030054196191249022,1.583700472301485
66.33838891983032,0.030054196191249022,1.5742377044509326
68.3070011138916,0.030054196191249022,1.57003108605819
68.30871295928955,0.030054196191249022,1.5689633826437466
68.30990695953369,0.030054196191249022,1.5685417697066744
68.31147909164429,0.030054196191249022,1.5684783729497223
68.31434917449951,0.030054196191249022,1.5677939511276575
68.3163251876831,0.030054196191249022,1.5671489100751934
68.31859993934631,0.030054196191249022,1.5665419185302614
70.15650200843811,0.030054196191249022,1.5643537930394378
70.1581461429596,0.030054196191249022,1.5630289525346566
70.15974926948547,0.030054196191249022,1.5626146434986465
70.16142010688782,0.030054196191249022,1.5613325154308866
70.1634349822998,0.030054196191249022,1.5607138656098694
70.16841506958008,0.030054196191249022,1.5597468369669918
70.17187905311584,0.030054196191249022,1.549321129185475
72.62708306312561,0.030054196191249022,1.5486276594127524
72.6315610408783,0.030054196191249022,1.542749022155038
72.63501000404358,0.030054196191249022,1.542186947513712
72.63879704475403,0.030054196191249022,1.540749246739575
72.64074182510376,0.030054196191249022,1.53891388413777
72.64363813400269,0.030054196191249022,1.531180841469157
74.96200609207153,0.030054196191249022,1.5290344597052212
74.96356892585754,0.030054196191249022,1.5265413789188966
74.96649289131165,0.030054196191249022,1.5255273574065624
74.9685571193695,0.030054196191249022,1.5245634184876402
74.97083497047424,0.030054196191249022,1.5232898119077567
74.9723572731018,0.030054196191249022,1.5208663188557756
74.9739179611206,0.030054196191249022,1.5207759572694899
74.97688293457031,0.030054196191249022,1.5163815306266584
77.3360481262207,0.030054196191249022,1.5152706554257926
77.33837103843689,0.030054196191249022,1.514294436120447
77.34047794342041,0.030054196191249022,1.5139622618936013
77.3417239189148,0.030054196191249022,1.5120024347028354
77.34472513198853,0.030054196191249022,1.511725576115016
77.34980607032776,0.030054196191249022,1.5098503776217846
77.35163497924805,0.030054196191249022,1.5068761195135478
81.6383490562439,0.030054196191249022,1.5063129229431589
81.64063811302185,0.030054196191249022,1.506230206566541
81.64277601242065,0.030054196191249022,1.5053501089390526
81.6454291343689,0.030054196191249022,1.5052733281367858
81.65132808685303,0.030054196191249022,1.5050649843784807
81.65391302108765,0.030054196191249022,1.5049464138750221
81.65595817565918,0.030054196191249022,1.5026093168259689
83.6706051826477,0.030054196191249022,1.5021112555205127
83.6721510887146,0.030054196191249022,1.4999548230191755
83.67538404464722,0.030054196191249022,1.4997288024103075
83.67740106582642,0.030054196191249022,1.499469356007463
83.6798779964447,0.030054196191249022,1.4992877778626994
83.68259906768799,0.030054196191249022,1.4986195081372493
83.68421506881714,0.030054196191249022,1.498195105321242
83.68622708320618,0.030054196191249022,1.4980540667899735
85.56381392478943,0.030054196191249022,1.4948335456519308
85.56576585769653,0.030054196191249022,1.4942093896672155
85.5674729347229,0.030054196191249022,1.4926850912144927
85.56950616836548,0.030054196191249022,1.4925770396851674
85.57584309577942,0.030054196191249022,1.4924154616213876
85.58121705055237,0.030054196191249022,1.4917987091720193
87.60282921791077,0.030054196191249022,1.4913953052874263
87.60484623908997,0.030054196191249022,1.4906077740942145
87.60677814483643,0.030054196191249022,1.489929596814548
87.60896301269531,0.030054196191249022,1.4890602307208591
87.61241102218628,0.030054196191249022,1.4888780053508026
87.61414098739624,0.030054196191249022,1.4886269478709462
87.61602520942688,0.030054196191249022,1.4884969027707216
87.61820697784424,0.030054196191249022,1.4860024716090798
89.85614109039307,0.030054196191249022,1.4859653941785191
89.85819506645203,0.030054196191249022,1.4856498443487967
89.8601610660553,0.030054196191249022,1.4847811870617242
89.86148500442505,0.030054196191249022,1.4846069368863424
89.86374807357788,0.030054196191249022,1.48385431853138
89.86660194396973,0.030054196191249022,1.4838059828969714
89.86864590644836,0.030054196191249022,1.4829889873890298
89.87146019935608,0.030054196191249022,1.4756658209722695
92.24909114837646,0.030054196191249022,1.4746639054695825
92.25136208534241,0.030054196191249022,1.4730783771510354
92.25401306152344,0.030054196191249022,1.472856629478977
92.25654101371765,0.030054196191249022,1.4720790812240807
92.2589418888092,0.030054196191249022,1.4718030004026927
92.26157212257385,0.030054196191249022,1.4709772705986173
92.26615905761719,0.030054196191249022,1.4703692058248983
92.26840400695801,0.030054196191249022,1.4593557205438334
94.50320315361023,0.030054196191249022,1.4583463825135992
96.91263222694397,0.030054196191249022,1.4540112611295108
96.91500115394592,0.030054196191249022,1.4533020626334905
96.91824007034302,0.030054196191249022,1.4531138532266668
96.92242217063904,0.030054196191249022,1.44752859110874
96.92535495758057,0.030054196191249022,1.4470058823362535
96.92762017250061,0.030054196191249022,1.4469032780160087
96.93067407608032,0.030054196191249022,1.441447081355245
96.93539094924927,0.030054196191249022,1.4383633663839643
99.22881197929382,0.030054196191249022,1.4377085450813165
99.23178386688232,0.030054196191249022,1.4347552225953017
99.23379111289978,0.030054196191249022,1.434151930408267
99.2361569404602,0.030054196191249022,1.4340066971426133
99.23859310150146,0.030054196191249022,1.4338866373391632
99.24308824539185,0.030054196191249022,1.4315824376920658
99.24603295326233,0.030054196191249022,1.4201108196725105
101.4205539226532,0.030054196191249022,1.420067013325388
101.4233090877533,0.030054196191249022,1.4193976877814802
101.42528581619263,0.030054196191249022,1.4187425017059687
101.42920804023743,0.030054196191249022,1.4186528784710966
101.43272304534912,0.030054196191249022,1.418239650300571
101.43636703491211,0.030054196191249022,1.4162950073922298
101.44020891189575,0.030054196191249022,1.415424594661557
101.44286704063416,0.030054196191249022,1.405698905557051
103.62028384208679,0.030054196191249022,1.4056785515250185
103.62397122383118,0.030054196191249022,1.405368152417056
106.11857199668884,0.030054196191249022,1.402530632191525
106.12108397483826,0.030054196191249022,1.401523201386508
106.124351978302,0.030054196191249022,1.4012256768806908
106.12788605690002,0.030054196191249022,1.3996484457982485
106.13241505622864,0.030054196191249022,1.398870901987943
108.39695692062378,0.030054196191249022,1.3938801028780319
108.39974093437195,0.030054196191249022,1.3927413736924548
108.40264010429382,0.030054196191249022,1.3911772601844774
108.40468716621399,0.030054196191249022,1.390121743517958
108.40671896934509,0.030054196191249022,1.3894655833497112
108.40942811965942,0.030054196191249022,1.3889765007250063
108.4119200706482,0.030054196191249022,1.388973465309188
108.41500115394592,0.030054196191249022,1.3885791464280424
111.00685119628906,0.030054196191249022,1.3853212785064444
111.00923109054565,0.030054196191249022,1.3837956297725258
111.01637315750122,0.030054196191249022,1.383731116489725
111.0201768875122,0.030054196191249022,1.3835486668059804
111.02472925186157,0.030054196191249022,1.3834846600356643
111.02760195732117,0.030054196191249022,1.3827299027960809
111.03548812866211,0.030054196191249022,1.3777747262860742
113.15552687644958,0.030054196191249022,1.375664217737974
113.15698099136353,0.030054196191249022,1.3753443481447403
113.15974712371826,0.030054196191249022,1.3729174620889917
113.16508793830872,0.030054196191249022,1.37192064387659
113.1684741973877,0.030054196191249022,1.3702646383653037
113.17040514945984,0.030054196191249022,1.3702253070833121
113.17289113998413,0.030054196191249022,1.370221791697717
115.4187970161438,0.030054196191249022,1.3684948266996624
115.41968512535095,0.030054196191249022,1.3645452417856843
115.42172122001648,0.030054196191249022,1.3645002427772686
115.42432689666748,0.030054196191249022,1.363555460618033
115.42651224136353,0.030054196191249022,1.363036556408641
115.4288718700409,0.030054196191249022,1.3626639744225386
115.43171906471252,0.030054196191249022,1.3625862552951304
115.43378806114197,0.030054196191249022,1.361463958592513
119.7497501373291,0.030054196191249022,1.3603285273184251
122.19663524627686,0.030054196191249022,1.3578926955710593
122.2006299495697,0.030054196191249022,1.3573444266871078
122.20346593856812,0.030054196191249022,1.355555588235614
124.54748320579529,0.030054196191249022,1.3503733694873632
124.55124711990356,0.030054196191249022,1.3487824869840306
124.55404496192932,0.030054196191249022,1.34563179334224
124.55723214149475,0.030054196191249022,1.3451888181275213
124.55982303619385,0.030054196191249022,1.3448324473708118
124.56250190734863,0.030054196191249022,1.3438236454974901
124.5659909248352,0.030054196191249022,1.3405890242138554
127.06764101982117,0.030054196191249022,1.3393350869818517
127.070561170578,0.030054196191249022,1.3364304958827742
127.07300901412964,0.030054196191249022,1.3357500082319669
127.07530403137207,0.030054196191249022,1.3335977984272012
127.07750105857849,0.030054196191249022,1.3329415179593176
127.08068895339966,0.030054196191249022,1.3318556846804388
127.08415484428406,0.030054196191249022,1.3311517813302158
127.0860071182251,0.030054196191249022,1.3298011362388833
132.06890606880188,0.030054196191249022,1.3289317113836467
132.07159614562988,0.030054196191249022,1.3281910680187419
134.73133325576782,0.030054196191249022,1.326075069619791
134.73351407051086,0.030054196191249022,1.3259277631233204
137.21734809875488,0.030054196191249022,1.3240105387879646
137.22035193443298,0.030054196191249022,1.321856303058668
137.22320103645325,0.030054196191249022,1.3179393977651999
137.22513103485107,0.030054196191249022,1.3170036711549218
137.22742104530334,0.030054196191249022,1.3165078680960334
137.22999596595764,0.030054196191249022,1.316422468283898
137.23275113105774,0.030054196191249022,1.3150027938084161
137.23649215698242,0.030054196191249022,1.3114411677382556
139.96368312835693,0.030054196191249022,1.31021482455898
139.96579504013062,0.030054196191249022,1.3093469427822035
139.9686939716339,0.030054196191249022,1.3087627430805566
139.97135519981384,0.030054196191249022,1.3085983682328468
139.97356390953064,0.030054196191249022,1.3085952590789356
139.97648906707764,0.030054196191249022,1.3084599888144108
139.97897601127625,0.030054196191249022,1.3081083593773126
139.98157906532288,0.030054196191249022,1.3056117348819196
142.41000819206238,0.030054196191249022,1.3030293326634195
145.33466386795044,0.030054196191249022,1.3028240165002263
149.9004590511322,0.030054196191249022,1.2947444517854652
149.90341520309448,0.030054196191249022,1.2911605357618061
149.9047451019287,0.030054196191249022,1.2901949491438913
149.90635228157043,0.030054196191249022,1.2893862929103572
149.909038066864,0.030054196191249022,1.2887472611715964
149.91072797775269,0.030054196191249022,1.2882252066347708
149.91199493408203,0.030054196191249022,1.287999597207714
149.91403222084045,0.030054196191249022,1.287892666730703
152.29235887527466,0.030054196191249022,1.2876845028237451
154.9203290939331,0.030054196191249022,1.2874704771782128
157.27841114997864,0.030054196191249022,1.2850553561067697
157.2817931175232,0.030054196191249022,1.2847949531337564
157.28554797172546,0.030054196191249022,1.2838807854681076
157.29200100898743,0.030054196191249022,1.2833579390500551
157.29413104057312,0.030054196191249022,1.2820847163977185
157.29676604270935,0.030054196191249022,1.2816573307127743
157.3003671169281,0.030054196191249022,1.2812515829029678
157.3042221069336,0.030054196191249022,1.2774799239189394
160.41925811767578,0.030054201643152173,1.2774799239189394
163.0417239665985,0.030054201643152173,1.2771594049564468
163.04405403137207,0.030054201643152173,1.2767986166910883
163.04587507247925,0.030054201643152173,1.2767545768416448
163.0480272769928,0.030054201643152173,1.2763228861281957
163.05050611495972,0.030054201643152173,1.2762774236586314
163.05273818969727,0.030054201643152173,1.276224976646655
165.91445088386536,0.030054201643152173,1.275213627771968
165.9161012172699,0.030054201643152173,1.2751286767961238
165.918869972229,0.030054201643152173,1.2748259496798682
165.9207570552826,0.030054201643152173,1.2746287524112072
165.92334699630737,0.030054201643152173,1.2742170291708783
165.92522025108337,0.030054201643152173,1.2741226427146468
165.92719793319702,0.030054201643152173,1.274081425621384
165.92909598350525,0.030054201643152173,1.2739180809967325
174.00890398025513,0.030054201643152173,1.2732741485840764
174.0101900100708,0.030054201643152173,1.2706826006314202
174.01180005073547,0.030054201643152173,1.2700823173501612
174.01336908340454,0.030054201643152173,1.2692038911746297
174.0157928466797,0.030054201643152173,1.2689765088715839
174.01798820495605,0.030054201643152173,1.268024566679187
174.0199420452118,0.030054201643152173,1.2675500898677896
174.02211213111877,0.030054201643152173,1.2656933727675947
179.09088897705078,0.030054201643152173,1.2656726889191043
179.09293794631958,0.030054201643152173,1.2656600397094788
179.09576201438904,0.030054201643152173,1.2655824711409092
179.09847712516785,0.030054201643152173,1.2654374625565932
179.10086917877197,0.030054201643152173,1.264858541256939
179.10791611671448,0.030054201643152173,1.2647083016816292
179.11112022399902,0.030054201643152173,1.2646115089966508
181.660058259964,0.030054201643152173,1.264550155130971
181.66691207885742,0.030054201643152173,1.2645150293027774
181.66959691047668,0.030054201643152173,1.2637609634151463
181.67217111587524,0.030054201643152173,1.2632889624429788
181.67441320419312,0.030054201643152173,1.2631964099405526
181.6770739555359,0.030054201643152173,1.2630558729328445
181.6802110671997,0.030054201643152173,1.2597358522650741
184.65513396263123,0.030054201643152173,1.2596287159872557
184.65776109695435,0.030054201643152173,1.2595589470037845
184.65952014923096,0.030054201643152173,1.2593020623453657
184.66131210327148,0.030054201643152173,1.2590925758276987
184.6639301776886,0.030054201643152173,1.2588953810596883
184.6662950515747,0.030054201643152173,1.2582775176322634
184.6700701713562,0.030054201643152173,1.2581598311987208
184.67248797416687,0.030054201643152173,1.2569366634483259
187.61590600013733,0.030054201643152173,1.2558271484587624
187.61931920051575,0.030054201643152173,1.2557528342441022
187.6219379901886,0.030054201643152173,1.2556454777057247
187.62468099594116,0.030054201643152173,1.254872560283249
187.62680506706238,0.030054201643152173,1.2546903356828456
187.63016819953918,0.030054201643152173,1.25458195643519
187.63258290290833,0.030054201643152173,1.2543299860346488
187.63399720191956,0.030054201643152173,1.2519652489657218
190.62686324119568,0.030054201643152173,1.2504789634432636
190.6297390460968,0.030054201643152173,1.250465992204966
190.63167810440063,0.030054201643152173,1.250245015345925
190.63433289527893,0.030054201643152173,1.250179771369346
190.6376190185547,0.030054201643152173,1.24907482659833
190.64054918289185,0.030054201643152173,1.2488838591083358
190.64228415489197,0.030054201643152173,1.24831246403188
190.6455979347229,0.030054201643152173,1.2448148551070741
193.5285451412201,0.030054201643152173,1.2446341495932656
193.53131699562073,0.030054201643152173,1.2446327884119623
193.53418016433716,0.030054201643152173,1.2446311555636618
193.53613805770874,0.030054201643152173,1.2444383124790133
193.53872418403625,0.030054201643152173,1.2437594651175887
193.54144525527954,0.030054201643152173,1.243302749978495
193.54384303092957,0.030054201643152173,1.243278428323545
193.5458540916443,0.030054201643152173,1.241563016870086
196.5933439731598,0.030054201643152173,1.241404615068712
196.59622716903687,0.030054201643152173,1.241074609775728
196.59823203086853,0.030054201643152173,1.2404610539715937
196.6003761291504,0.030054201643152173,1.2404459304263613
196.6023302078247,0.030054201643152173,1.2398776441945785
196.60395908355713,0.030054201643152173,1.2397578478689963
196.6067409515381,0.030054201643152173,1.2375354780488532
202.07290291786194,0.030054201643152173,1.2374598618919084
202.0748360157013,0.030054201643152173,1.2373895021382044
202.0773570537567,0.030054201643152173,1.2371374116735783
202.08400321006775,0.030054201643152173,1.237087696567428
202.08751893043518,0.030054201643152173,1.2365751513123566
202.09056997299194,0.030054201643152173,1.2363067293848835
202.09529900550842,0.030054201643152173,1.2363022471069354
204.7883598804474,0.030054201643152173,1.2354764778651732
207.72195506095886,0.030054201643152173,1.2350812956662405
207.72429895401,0.030054201643152173,1.2347045039082845
207.72619223594666,0.030054201643152173,1.2346125680915088
207.7285361289978,0.030054201643152173,1.2343150727959133
207.7325050830841,0.030054201643152173,1.2342158133809107
207.73481512069702,0.030054201643152173,1.2341544649277159
207.73735904693604,0.030054201643152173,1.2333120864352258
207.73972725868225,0.030054201643152173,1.2330306198113805
213.47599601745605,0.030054201643152173,1.2313428970193028
213.47968912124634,0.030054201643152173,1.2312764091491342
213.48177695274353,0.030054201643152173,1.2305174645297843
219.2403049468994,0.030054201643152173,1.226625156370907
219.2425091266632,0.030054201643152173,1.2263803642932767
219.24488615989685,0.030054201643152173,1.2246781689016752
219.24797701835632,0.030054201643152173,1.2243976687298546
219.25004386901855,0.030054201643152173,1.224383051323523
219.25178694725037,0.030054201643152173,1.2243462674266217
219.2549500465393,0.030054201643152173,1.2233491831101408
219.25689911842346,0.030054201643152173,1.2229697705498344
222.07476615905762,0.030054201643152173,1.2208235220087251
222.07682991027832,0.030054201643152173,1.2207003315418217
222.0803451538086,0.030054201643152173,1.2197561927817275
222.08265709877014,0.030054201643152173,1.2194426090528303
222.08629298210144,0.030054201643152173,1.2190644649015416
222.089035987854,0.030054201643152173,1.2188805859066993
222.09215593338013,0.030054201643152173,1.218566695837286
222.09530401229858,0.030054201643152173,1.2162443447305606
224.9788942337036,0.030054201643152173,1.2157656915445807
224.98152923583984,0.030054201643152173,1.2153808853488681
224.98351216316223,0.030054201643152173,1.2153193657534844
224.98572397232056,0.030054201643152173,1.215007229661919
224.9883120059967,0.030054201643152173,1.2144349631666804
224.98988509178162,0.030054201643152173,1.2142465785121364
224.99200201034546,0.030054201643152173,1.2139399768000576
224.9943070411682,0.030054201643152173,1.2098892566435853
230.08305096626282,0.030054201643152173,1.2097830628407262
230.085529088974,0.030054201643152173,1.2095765693509801
230.08846306800842,0.030054201643152173,1.2094609740213729
230.09232687950134,0.030054201643152173,1.2088424734329952
230.09481287002563,0.030054201643152173,1.2087719308774707
230.09746503829956,0.030054201643152173,1.2083872710981929
233.2130482196808,0.030054201643152173,1.206756232981987
233.2160451412201,0.030054201643152173,1.206652715705345
233.21977710723877,0.030054201643152173,1.2061538595986618
233.22340416908264,0.030054201643152173,1.2047318711719601
233.22619700431824,0.030054201643152173,1.2046928092135167
233.22872304916382,0.030054201643152173,1.2036717816900784
233.23188614845276,0.030054201643152173,1.202998855905622
233.235121011734,0.030054201643152173,1.1970832090593218
236.13106203079224,0.030054201643152173,1.1961548954128114
236.13470220565796,0.030054201643152173,1.1958456781246318
236.13690495491028,0.030054201643152173,1.195649327136941
236.14012217521667,0.030054201643152173,1.1956355623162893
236.1430060863495,0.030054201643152173,1.195519809746323
236.14849996566772,0.030054201643152173,1.1955065925279265
236.15200901031494,0.030054201643152173,1.1905950533758352
239.19101810455322,0.030054201643152173,1.1889006219274378
239.19407320022583,0.030054201643152173,1.1888381182437506
239.19610500335693,0.030054201643152173,1.1885962044166405
239.1988160610199,0.030054201643152173,1.1876915223756808
239.20099091529846,0.030054201643152173,1.1870097571494465
239.2040240764618,0.030054201643152173,1.186789025740638
239.2060570716858,0.030054201643152173,1.1867547944093073
239.20852518081665,0.030054201643152173,1.184805600937007
241.81018114089966,0.030054201643152173,1.1837474829440464
241.81252312660217,0.030054201643152173,1.1833396963049003
241.81461191177368,0.030054201643152173,1.1823703161971229
241.81757402420044,0.030054201643152173,1.1814260955278948
241.82035899162292,0.030054201643152173,1.1807290629190694
241.82297015190125,0.030054201643152173,1.1806489274748677
241.82587814331055,0.030054201643152173,1.1805986788495257
241.8283350467682,0.030054201643152173,1.1802942954734532
244.67320203781128,0.030054201643152173,1.1800416543471388
244.67671394348145,0.030054201643152173,1.1789539776809344
244.6788101196289,0.030054201643152173,1.1786503329791462
244.6828329563141,0.030054201643152173,1.178135975857126
244.685555934906,0.030054201643152173,1.1779957330364184
244.68779301643372,0.030054201643152173,1.1779732666783735
244.69143915176392,0.030054201643152173,1.1755762719195442
247.39125204086304,0.030054201643152173,1.175139248675088
250.0453701019287,0.030054201643152173,1.174612559066309
250.0481789112091,0.030054201643152173,1.174418910670509
250.05021119117737,0.030054201643152173,1.1742827383222485
250.05243706703186,0.030054201643152173,1.1740581003803046
250.05570721626282,0.030054201643152173,1.1740041302691824
250.05812311172485,0.030054201643152173,1.1736622776747674
250.0608241558075,0.030054201643152173,1.17292795092254
250.0643892288208,0.030054201643152173,1.1714395375500124
255.19883012771606,0.030054201643152173,1.1697869532176874
255.20213198661804,0.030054201643152173,1.1689521816616546
255.21467804908752,0.030054201643152173,1.167959096667438
255.2215940952301,0.030054201643152173,1.1674945376928834
255.22470498085022,0.030054201643152173,1.1674850148520834
255.2266390323639,0.030054201643152173,1.1674219164863766
257.6894779205322,0.030054201643152173,1.1654806266475806
257.69156193733215,0.030054201643152173,1.1646389156428574
257.69389390945435,0.030054201643152173,1.1622042466403106
257.69597697257996,0.030054201643152173,1.1600780801621813
257.6986789703369,0.030054201643152173,1.1600674960071786
257.70082998275757,0.030054201643152173,1.1600056243772536
257.7024350166321,0.030054201643152173,1.159321010186161
257.70527482032776,0.030054201643152173,1.1591855956727994
260.2652380466461,0.030054201643152173,1.1585634453053655
262.9016671180725,0.030054201643152173,1.156515005674679
265.65298891067505,0.030054201643152173,1.1554756030863977
265.6555941104889,0.030054201643152173,1.1543514501470786
265.65823793411255,0.030054201643152173,1.1535681236552164
265.66154193878174,0.030054201643152173,1.1535593774440989
265.6677839756012,0.030054201643152173,1.1530132155413764
265.6731300354004,0.030054201643152173,1.1481298898833592
268.4783480167389,0.030054201643152173,1.148023726066532
268.48052620887756,0.030054201643152173,1.1476408945898928
268.4828190803528,0.030054201643152173,1.147438472996715
268.4855890274048,0.030054201643152173,1.146899467921826
268.48863410949707,0.030054201643152173,1.1461842029060891
268.49163913726807,0.030054201643152173,1.1455799373444624
268.4940640926361,0.030054201643152173,1.145428713856017
268.4968059062958,0.030054201643152173,1.1405029741889123
271.17017698287964,0.030054201643152173,1.1402558825680527
271.1716899871826,0.030054201643152173,1.139738990210342
271.1739001274109,0.030054201643152173,1.1387793850018202
271.17630910873413,0.030054201643152173,1.1382522735804033
271.17946004867554,0.030054201643152173,1.1382420620263298
271.1822259426117,0.030054201643152173,1.137909034386861
271.1837351322174,0.030054201643152173,1.1376613510270062
271.18591117858887,0.030054201643152173,1.1368141675593577
273.6111750602722,0.030054201643152173,1.1366313646069592
276.44402503967285,0.030054201643152173,1.1362084716792062
276.4468731880188,0.030054201643152173,1.1358368052129426
276.4495520591736,0.030054201643152173,1.1357346205534349
276.453027009964,0.030054201643152173,1.1356486374461914
276.45569610595703,0.030054201643152173,1.1351270295882623
276.4582350254059,0.030054201643152173,1.1349965479717392
276.4603579044342,0.030054201643152173,1.1349635299836183
276.46351313591003,0.030054201643152173,1.1296568054556677
279.1544539928436,0.030054201643152173,1.1294607315205316
279.1555531024933,0.030054201643152173,1.128523265255956
279.1577181816101,0.030054201643152173,1.1281966970259714
279.1588659286499,0.030054201643152173,1.1278833604089717
279.16111516952515,0.030054201643152173,1.12773112644389
279.16303420066833,0.030054201643152173,1.1268783885312788
279.16613602638245,0.030054201643152173,1.1263849228239886
279.16805601119995,0.030054201643152173,1.125688977007062
281.9074869155884,0.030054201643152173,1.1250174537641406
281.91002798080444,0.030054201643152173,1.124888228724903
285.04525327682495,0.030054201643152173,1.1239585308804119
285.047856092453,0.030054201643152173,1.1234561001460859
285.0536389350891,0.030054201643152173,1.12336103342433
285.058100938797,0.030054201643152173,1.1228737210695339
285.06181621551514,0.030054201643152173,1.1228023223072001
288.1782600879669,0.030054201643152173,1.1208718650221614
291.16337418556213,0.030054201643152173,1.114640722594181
291.1659400463104,0.030054201643152173,1.1121723749297565
291.16885805130005,0.030054201643152173,1.1108096575149955
291.17280411720276,0.030054201643152173,1.1099766794481827
291.17490005493164,0.030054201643152173,1.1096574886532573
291.17643213272095,0.030054201643152173,1.1095900454402896
291.17955899238586,0.030054201643152173,1.1092195637927023
291.18173384666443,0.030054201643152173,1.1080979626352536
294.0749750137329,0.030054201643152173,1.105257935775482
294.0770208835602,0.030054201643152173,1.1035633849165367
294.07969307899475,0.030054201643152173,1.1034693339150898
294.08194518089294,0.030054201643152173,1.1030993818813881
294.08391094207764,0.030054201643152173,1.1030717538640684
294.08698201179504,0.030054201643152173,1.1027060417970158
294.0895621776581,0.030054201643152173,1.1026124401215731
294.09181904792786,0.030054201643152173,1.0985840167642176
296.6704819202423,0.030054201643152173,1.0982088401354946
296.6731369495392,0.030054201643152173,1.0979203670016522
296.6754810810089,0.030054201643152173,1.0978081694484056
296.67850708961487,0.030054201643152173,1.0974101961095395
296.68145513534546,0.030054201643152173,1.0966162254595737
296.6842551231384,0.030054201643152173,1.0956257100605373
296.6864080429077,0.030054201643152173,1.0954441829173902
296.6886610984802,0.030054201643152173,1.0925681079296283
299.28779125213623,0.030054201643152173,1.0921097273429863
299.29042196273804,0.030054201643152173,1.0918473278877314
299.2930109500885,0.030054201643152173,1.0916682588659403
299.2951018810272,0.030054201643152173,1.0912068446744276
299.2984881401062,0.030054201643152173,1.0907992425466457
299.30134415626526,0.030054201643152173,1.090797936027726
299.30384588241577,0.030054201643152173,1.0907565855974597
299.30606484413147,0.030054201643152173,1.0863868568303958
302.0434420108795,0.030054201643152173,1.0862862672957827
302.047021150589,0.030054201643152173,1.0862532932177893
302.0508360862732,0.030054201643152173,1.0857934314699234
302.05469393730164,0.030054201643152173,1.0856344154745992
302.05700302124023,0.030054201643152173,1.0853391781433754
302.0597519874573,0.030054201643152173,1.0852808382441808
302.0639820098877,0.030054201643152173,1.0852239881369652
302.0675461292267,0.030054201643152173,1.0829111250542118
304.4911880493164,0.030054201643152173,1.0817077099364458
304.4937860965729,0.030054201643152173,1.08156962840614
304.49601316452026,0.030054201643152173,1.081530685524621
304.4980239868164,0.030054201643152173,1.0815199276476353
304.5001530647278,0.030054201643152173,1.081412383203472
304.5030450820923,0.030054201643152173,1.0812463157156211
304.50550723075867,0.030054201643152173,1.0808664249404785
304.5077061653137,0.030054201643152173,1.0807407107442346
306.94197821617126,0.030054201643152173,1.0800543269769725
306.9437770843506,0.030054201643152173,1.079711220165364
306.94486927986145,0.030054201643152173,1.079349824041518
306.9476239681244,0.030054201643152173,1.0791022643490908
306.9497971534729,0.030054201643152173,1.0790063127120741
306.9515571594238,0.030054201643152173,1.0787316097845245
306.95408511161804,0.030054201643152173,1.0781843289885087
306.9566340446472,0.030054201643152173,1.0780211982828811
310.5001389980316,0.030054201643152173,1.077946136601613
313.410786151886,0.030054201643152173,1.0775871162442872
313.41273403167725,0.030054201643152173,1.0774221888335085
313.41428399086,0.030054201643152173,1.0773569832411969
313.41613698005676,0.030054201643152173,1.077167181992984
313.41817712783813,0.030054201643152173,1.0765308704413783
313.42076802253723,0.030054201643152173,1.0760797338943253
313.4236879348755,0.030054201643152173,1.0758320294730501
313.4263291358948,0.030054201643152173,1.0747009462813475
316.11284828186035,0.030054201643152173,1.0738945769514605
316.114284992218,0.030054201643152173,1.0731940948545384
316.11666798591614,0.030054201643152173,1.0730156927343497
316.11836314201355,0.030054201643152173,1.0727460394739508
316.1209511756897,0.030054201643152173,1.0726970273461849
316.12315797805786,0.030054201643152173,1.072299487981066
316.1278829574585,0.030054201643152173,1.0720348493335956
321.1271550655365,0.030054201643152173,1.0717944324840487
321.12948513031006,0.030054201643152173,1.0711185799776821
321.1315960884094,0.030054201643152173,1.0707665702409208
321.1342899799347,0.030054201643152173,1.0706199214872318
321.1374599933624,0.030054201643152173,1.070273533889996
321.1406259536743,0.030054201643152173,1.0700733055340532
321.14282608032227,0.030054201643152173,1.0699934547265604
321.14601612091064,0.030054201643152173,1.069008078591342
323.8152141571045,0.030054201643152173,1.0679982453686263
323.81756591796875,0.030054201643152173,1.0675846377395646
323.8195700645447,0.030054201643152173,1.0663890518273256
323.8214900493622,0.030054201643152173,1.0661756882550204
323.82655215263367,0.030054201643152173,1.0661607877554138
323.8285801410675,0.030054201643152173,1.0657047715737538
323.83160614967346,0.030054201643152173,1.0637567379695405
326.67280101776123,0.030054201643152173,1.0637340617788449
326.67536902427673,0.030054201643152173,1.0633666403836222
326.6783630847931,0.030054201643152173,1.063092989177945
326.6814341545105,0.030054201643152173,1.0628135053454733
326.6871781349182,0.030054201643152173,1.0627583345369942
326.69079399108887,0.030054201643152173,1.0602623304836627
340.937824010849,0.030054201643152173,1.060246411021895
341.0156280994415,0.030054201643152173,1.0599627089935624
341.0279960632324,0.030054201643152173,1.0588080642764495
341.0358030796051,0.030054201643152173,1.0584671611290732
341.0413272380829,0.030054201643152173,1.0583068626410348
341.0501718521118,0.030054201643152173,1.0582395891941363
341.0564019680023,0.030054201643152173,1.0581094222871434
341.0627179145813,0.030054201643152173,1.0575717826944593
346.01831698417664,0.030054201643152173,1.0573209452670045
346.02078008651733,0.030054201643152173,1.0566260380980887
346.0241742134094,0.030054201643152173,1.0561964910290715
346.02692008018494,0.030054201643152173,1.0560532761938919
346.0294179916382,0.030054201643152173,1.0554877144820032
346.03168201446533,0.030054201643152173,1.0545681736721977
346.0348880290985,0.030054201643152173,1.0541417156233197
346.03754591941833,0.030054201643152173,1.052877342529067
350.6372129917145,0.030054201643152173,1.0523903359183766
350.6393840312958,0.030054201643152173,1.0522022216175095
350.6419839859009,0.030054201643152173,1.0520911228123344
350.6450569629669,0.030054201643152173,1.0520041826296858
350.6478819847107,0.030054201643152173,1.0516669893996373
350.6502630710602,0.030054201643152173,1.0516603283878303
350.6529870033264,0.030054201643152173,1.0516201584536489
350.6554539203644,0.030054201643152173,1.0491060015848346
354.3001039028168,0.030054201643152173,1.0490323535927806
354.30180501937866,0.030054201643152173,1.0489028766808646
354.304486989975,0.030054201643152173,1.0488323619974127
354.30631494522095,0.030054201643152173,1.0485663507405347
354.3097002506256,0.030054201643152173,1.0485514526164692
354.31299090385437,0.030054201643152173,1.0485410796763548
354.3166160583496,0.030054201643152173,1.048454975292186
354.31996607780457,0.030054201643152173,1.0472653826046683
387.0198709964752,0.030054201643152173,1.0466708780354428
389.61715722084045,0.030054201643152173,1.0465669953118364
389.61865401268005,0.030054201643152173,1.0465167800900355
392.45552802085876,0.030054201643152173,1.0463284532487382
392.4579231739044,0.030054201643152173,1.0463011451019084
392.46076107025146,0.030054201643152173,1.045650781764222
392.46517515182495,0.030054201643152173,1.0454065406899187
392.4680321216583,0.030054201643152173,1.045156372834976
392.4719638824463,0.030054201643152173,1.0449580730095578
392.47443318367004,0.030054201643152173,1.0448403153838959
392.4769358634949,0.030054201643152173,1.0442467772755413
401.4701759815216,0.030054201643152173,1.0387151745407517
401.4720311164856,0.030054201643152173,1.037585158144684
401.47558403015137,0.030054201643152173,1.037190827581644
401.4784939289093,0.030054201643152173,1.0370602574566141
401.48060607910156,0.030054201643152173,1.036273164797589
401.48307704925537,0.030054201643152173,1.0362476605403275
401.48647713661194,0.030054201643152173,1.036176382835073
401.48938393592834,0.030054201643152173,1.0350671158666334
404.1142840385437,0.030054201643152173,1.034595296602204
404.11588883399963,0.030054201643152173,1.0345589480883166
404.1179621219635,0.030054201643152173,1.0345431448624651
404.12004709243774,0.030054201643152173,1.034507110034413
404.12508392333984,0.030054201643152173,1.0343407110119194
404.1268560886383,0.030054201643152173,1.0343350491174585
404.12887716293335,0.030054201643152173,1.034318921961982
406.46250915527344,0.030054201643152173,1.034318393967432
408.97013092041016,0.030054201643152173,1.033577055706112
408.97209906578064,0.030054201643152173,1.0331302495086825
408.9745011329651,0.030054201643152173,1.0329806472382002
408.97679901123047,0.030054201643152173,1.0328994505160418
408.98248291015625,0.030054201643152173,1.0324585257822259
408.9844470024109,0.030054201643152173,1.0323000011645893
408.98726201057434,0.030054201643152173,1.0322265312746222
411.50454807281494,0.030054201643152173,1.0319988898628243
411.5089809894562,0.030054201643152173,1.0315709545126206
411.510910987854,0.030054201643152173,1.0313364734281738
411.5135271549225,0.030054201643152173,1.0312842195961478
411.5157392024994,0.030054201643152173,1.031200349138626
411.5186309814453,0.030054201643152173,1.0309693083048026
411.5199921131134,0.030054201643152173,1.0306019123938877
411.522500038147,0.030054201643152173,1.0297745618486356
414.07970905303955,0.030054201643152173,1.0297572955590657
414.08221912384033,0.030054201643152173,1.0296346601092103
414.08602499961853,0.030054201643152173,1.0292797506424494
414.0882670879364,0.030054201643152173,1.0292732274009837
414.0955011844635,0.030054201643152173,1.0292672661259596
414.0984959602356,0.030054201643152173,1.0290084404909805
414.1007659435272,0.030054201643152173,1.0264095789674543
416.8291640281677,0.030054201643152173,1.0263007853125
416.832083940506,0.030054201643152173,1.025802186324815
416.8342430591583,0.030054201643152173,1.0256102149299764
416.83832907676697,0.030054201643152173,1.025532461479925
416.84465408325195,0.030054201643152173,1.025415387372015
416.84750485420227,0.030054201643152173,1.0254144735302422
416.850163936615,0.030054201643152173,1.02420788368278
421.9912371635437,0.030054201643152173,1.0233255699165136
421.99452209472656,0.030054201643152173,1.023144203481868
424.39595913887024,0.030054201643152173,1.023130028527448
424.3977851867676,0.030054201643152173,1.0219862114626785
424.39935421943665,0.030054201643152173,1.0219196739051601
424.4011981487274,0.030054201643152173,1.021902963001356
424.4033000469208,0.030054201643152173,1.0216792678112863
424.4045600891113,0.030054201643152173,1.0216241897477256
424.406534910202,0.030054201643152173,1.021481749029071
424.40820813179016,0.030054201643152173,1.0213163827551681
426.7595500946045,0.030054201643152173,1.021287726883462
429.6316432952881,0.030054201643152173,1.0211205522892697
429.6340310573578,0.030054201643152173,1.0210180818103594
429.63665413856506,0.030054201643152173,1.020759502030004
429.6399738788605,0.030054201643152173,1.0204110952969256
429.64221811294556,0.030054201643152173,1.0203082350185966
429.6451621055603,0.030054201643152173,1.0202962189777136
429.65027618408203,0.030054201643152173,1.0187298874661357
432.4402370452881,0.030054201643152173,1.0186025727240833
432.4444410800934,0.030054201643152173,1.0184430867136034
432.44875597953796,0.030054201643152173,1.0182299194760533
432.4515609741211,0.030054201643152173,1.0181622089418985
432.45410895347595,0.030054201643152173,1.0178366856031769
432.4561071395874,0.030054201643152173,1.017690932826989
432.4592161178589,0.030054201643152173,1.0176677671961516
432.4620008468628,0.030054201643152173,1.0148961724489207
435.0474810600281,0.030054201643152173,1.0146394631457567
435.0492880344391,0.030054201643152173,1.0141450855040741
435.05177307128906,0.030054201643152173,1.013644852546923
435.0548532009125,0.030054201643152173,1.0136366359305151
435.0581810474396,0.030054201643152173,1.013559144128296
435.06064009666443,0.030054201643152173,1.013531647306583
435.0639328956604,0.030054201643152173,1.013531425519346
435.06616711616516,0.030054201643152173,1.013480883897482
437.6935570240021,0.030054201643152173,1.0128660750921616
437.6962859630585,0.030054201643152173,1.0125253123809548
437.6988842487335,0.030054201643152173,1.012491282586806
437.70125913619995,0.030054201643152173,1.0122952825925444
437.7054510116577,0.030054201643152173,1.0121134441557942
437.70780205726624,0.030054201643152173,1.011823548772096
437.71072602272034,0.030054201643152173,1.0100263852766316
440.57615208625793,0.030054201643152173,1.009207737084071
440.5785610675812,0.030054201643152173,1.0089949432056449
440.5823760032654,0.030054201643152173,1.0086384730387876
440.5845911502838,0.030054201643152173,1.0086080888221303
440.58636713027954,0.030054201643152173,1.0084363839781776
440.5889012813568,0.030054201643152173,1.0081522145477648
440.59183526039124,0.030054201643152173,1.0081275087868644
440.5961899757385,0.030054201643152173,1.0064745488938436
443.6777641773224,0.030054201643152173,1.0064099401492579
443.6802930831909,0.030054201643152173,1.0060079458327875
443.6825499534607,0.030054201643152173,1.005326743629222
443.68617129325867,0.030054201643152173,1.0053063206144024
443.68818402290344,0.030054201643152173,1.0049720731795617
443.69136786460876,0.030054201643152173,1.004878266596208
443.6947340965271,0.030054201643152173,1.004865264423077
443.69734501838684,0.030054201643152173,1.0033427691736043
446.87483406066895,0.030054201643152173,1.0032109796169788
446.87768602371216,0.030054201643152173,1.0031004643915344
446.87943601608276,0.030054201643152173,1.0030795057665411
446.88305616378784,0.030054201643152173,1.0030537074970098
446.88512110710144,0.030054201643152173,1.003003864591148
446.8876061439514,0.030054201643152173,1.0029680244681278
446.8894760608673,0.030054201643152173,1.0028919805799623
446.8924312591553,0.030054201643152173,1.0019247509817166
450.02852296829224,0.030054201643152173,1.0018393337209202
450.03190088272095,0.030054201643152173,1.001814262213815
450.03410625457764,0.030054201643152173,1.0016926911855808
450.03813099861145,0.030054201643152173,1.001646887603231
450.0412800312042,0.030054201643152173,1.0016364015809376
450.04481506347656,0.030054201643152173,1.0016095897324448
450.04826307296753,0.030054201643152173,1.0015139995003606
450.04969596862793,0.030054201643152173,1.000995040102195
453.3307662010193,0.030054201643152173,1.0009596978103104
453.3338739871979,0.030054201643152173,1.0007160178192798
453.3364291191101,0.030054201643152173,1.0006437517557536
453.3388650417328,0.030054201643152173,1.0004711033669298
453.34176206588745,0.030054201643152173,1.0004518660904371
453.34354519844055,0.030054201643152173,0.9998151283437406
453.3468291759491,0.030054201643152173,0.9997136115530695
453.34983706474304,0.030054201643152173,0.9981620366774868
458.5661110877991,0.030054201643152173,0.9975774914198517
461.04371309280396,0.030054201643152173,0.9959543837108763
461.0450949668884,0.030054201643152173,0.9957396687074798
461.04747796058655,0.030054201643152173,0.995303323682694
461.04928517341614,0.030054201643152173,0.995000994060663
461.0521411895752,0.030054201643152173,0.9949257243868025
461.0564270019531,0.030054201643152173,0.9946884197636747
461.0589110851288,0.030054201643152173,0.9945498823481923
463.526330947876,0.030054201643152173,0.9943873283481763
466.5363609790802,0.030054201643152173,0.9939277165961279
466.5395772457123,0.030054201643152173,0.9938907423107128
466.541944026947,0.030054201643152173,0.9937339981528829
466.5459451675415,0.030054201643152173,0.9937137294876002
466.548602104187,0.030054201643152173,0.9937002021436492
466.550714969635,0.030054201643152173,0.993366838272681
466.5574400424957,0.030054201643152173,0.9924134515044829
469.8956742286682,0.030054201643152173,0.9919263523058806
469.8990888595581,0.030054201643152173,0.9918289385066755
469.90077900886536,0.030054201643152173,0.9916602983639016
469.90366101264954,0.030054201643152173,0.991410726138406
469.90658617019653,0.030054201643152173,0.9914065546769009
469.9086289405823,0.030054201643152173,0.9913045480417955
469.91154623031616,0.030054201643152173,0.991264640617837
469.9135150909424,0.030054201643152173,0.9897627879549856
473.11586713790894,0.030054201643152173,0.9896675530183049
473.11945700645447,0.030054201643152173,0.9895498959412801
473.12242794036865,0.030054201643152173,0.9895128267968236
473.12853717803955,0.030054201643152173,0.9894271157688024
473.13207507133484,0.030054201643152173,0.9894075727441294
473.13739013671875,0.030054201643152173,0.9886580785173825
479.69620299339294,0.030054201643152173,0.9872503905285382
479.69914197921753,0.030054201643152173,0.9865245020586492
479.70177698135376,0.030054201643152173,0.9860699147126153
479.70384407043457,0.030054201643152173,0.985917882924657
479.70674204826355,0.030054201643152173,0.9859043846674438
479.7095470428467,0.030054201643152173,0.9857067152118983
485.825364112854,0.030054201643152173,0.9857056802286314
485.8276801109314,0.030054201643152173,0.9849503121093698
485.83309388160706,0.030054201643152173,0.9849303364425098
485.83727526664734,0.030054201643152173,0.9839386260176266
485.84120082855225,0.030054201643152173,0.9838292996580587
485.8447959423065,0.030054201643152173,0.9837437687991876
485.8471281528473,0.030054201643152173,0.9836992442791426
485.8503270149231,0.030054201643152173,0.9833069007458064
489.1883862018585,0.030054201643152173,0.9832127693960623
489.19079399108887,0.030054201643152173,0.9830830920549587
489.1931140422821,0.030054201643152173,0.9827837649767193
489.1957881450653,0.030054201643152173,0.9826888808511544
489.1994881629944,0.030054201643152173,0.9826125030887131
489.2022650241852,0.030054201643152173,0.9825994838821368
489.20789408683777,0.030054201643152173,0.9810309709800794
492.771931886673,0.030054201643152173,0.9807401184956657
492.7740750312805,0.030054201643152173,0.9805542521599697
492.77653098106384,0.030054201643152173,0.980452760200428
492.78012895584106,0.030054201643152173,0.9804370092272178
492.78323101997375,0.030054201643152173,0.9804353926670623
492.7894470691681,0.030054201643152173,0.9801387507222041
492.793221950531,0.030054201643152173,0.9794675956868575
495.4961440563202,0.030054201643152173,0.9793995168672728
495.4985809326172,0.030054201643152173,0.9793973608737199
495.50034523010254,0.030054201643152173,0.9793068126294089
495.50297498703003,0.030054201643152173,0.9790701172718094
495.50525403022766,0.030054201643152173,0.9788850873018804
495.5094232559204,0.030054201643152173,0.9788687053293772
495.51220417022705,0.030054201643152173,0.978774196982098
495.5143041610718,0.030054201643152173,0.9777446751530674
498.3450939655304,0.030054201643152173,0.9776907375581824
498.3474509716034,0.030054201643152173,0.9776716615420324
498.3493142127991,0.030054201643152173,0.9769431296926663
498.35271096229553,0.030054201643152173,0.9768225667250503
498.35484504699707,0.030054201643152173,0.9767041056875638
498.35688495635986,0.030054201643152173,0.9765953004362258
498.3584430217743,0.030054201643152173,0.9765465027275422
501.0747609138489,0.030054201643152173,0.9761952142908354
501.0786690711975,0.030054201643152173,0.9761817331672975
501.0814290046692,0.030054201643152173,0.9761478213410872
504.00918197631836,0.030054201643152173,0.9761015759685885
504.01205611228943,0.030054201643152173,0.9760269114070614
504.0145230293274,0.030054201643152173,0.9757110826665196
504.0167820453644,0.030054201643152173,0.9757059520603746
504.0199239253998,0.030054201643152173,0.9755173816105522
504.02226400375366,0.030054201643152173,0.9754904608191173
504.02512311935425,0.030054201643152173,0.9754303093580399
504.02792501449585,0.030054201643152173,0.9744733397178886
506.90262508392334,0.030054201643152173,0.9744298346478275
506.9061210155487,0.030054201643152173,0.9742286454330704
509.8388030529022,0.030054201643152173,0.9742181617724068
509.8408908843994,0.030054201643152173,0.9741118430512458
509.8430390357971,0.030054201643152173,0.9741032707358581
509.845281124115,0.030054201643152173,0.9740478282049858
509.8480050563812,0.030054201643152173,0.97382796855982
509.8519239425659,0.030054201643152173,0.9737708483513865
509.85419392585754,0.030054201643152173,0.9736749567725397
509.8558421134949,0.030054201643152173,0.972563086235246
512.7073061466217,0.030054201643152173,0.972372871521819
512.7102501392365,0.030054201643152173,0.9721723050516125
512.7127850055695,0.030054201643152173,0.9721151259039333
512.7169721126556,0.030054201643152173,0.9718703845790372
512.7218151092529,0.030054201643152173,0.9717705812256192
512.7255811691284,0.030054201643152173,0.9716477528184307
512.7281742095947,0.030054201643152173,0.9716162837135685
512.7307021617889,0.030054201643152173,0.9716117192259273
515.8017821311951,0.030054201643152173,0.9711260124223251
515.804445028305,0.030054201643152173,0.9710649487601205
515.8064861297607,0.030054201643152173,0.9706261778785292
515.8087050914764,0.030054201643152173,0.9704006610811124
515.8110220432281,0.030054201643152173,0.9703183733516922
515.8140590190887,0.030054201643152173,0.9702895023016908
515.8167848587036,0.030054201643152173,0.9701467596571316
515.8189730644226,0.030054201643152173,0.9687607272413913
521.0836400985718,0.030054201643152173,0.9685852015664274
521.0859808921814,0.030054201643152173,0.9685723139111029
521.088278055191,0.030054201643152173,0.9682484641205619
521.0924999713898,0.030054201643152173,0.9682458104581486
523.7888371944427,0.030054201643152173,0.968138802450985
526.6040661334991,0.030054201643152173,0.9676482808882787
526.6066310405731,0.030054201643152173,0.9668609231555064
529.8771600723267,0.030054201643152173,0.9668296238699321
529.880373954773,0.030054201643152173,0.9665769598223334
529.8823881149292,0.030054201643152173,0.9664179877253127
529.885968208313,0.030054201643152173,0.966138468181457
529.8890519142151,0.030054201643152173,0.966084278584154
529.8899941444397,0.030054201643152173,0.9660495303655878
529.8933372497559,0.030054201643152173,0.9660287475545771
529.8961489200592,0.030054201643152173,0.9659778772799592
535.5063450336456,0.030054201643152173,0.965404991474925
535.5090870857239,0.030054201643152173,0.9651992348023748
535.5122082233429,0.030054201643152173,0.9649710183140816
535.5156049728394,0.030054201643152173,0.9647635041344959
535.5185389518738,0.030054201643152173,0.9647337040080922
535.5213649272919,0.030054201643152173,0.9646712894074803
535.5239260196686,0.030054201643152173,0.9645564677866271
535.5266392230988,0.030054201643152173,0.9638572676859712
538.9826140403748,0.030054201643152173,0.9634876319662624
538.9855561256409,0.030054201643152173,0.9632737424693925
538.987514257431,0.030054201643152173,0.9631926280796574
538.990247964859,0.030054201643152173,0.9631144299591232
538.9941101074219,0.030054201643152173,0.9626792170814626
538.9967648983002,0.030054201643152173,0.9625913850634631
538.9988071918488,0.030054201643152173,0.9625468655734863
539.001170873642,0.030054201643152173,0.961159640059078
542.3782961368561,0.030054201643152173,0.9609261497428946
542.3799109458923,0.030054201643152173,0.960853494999037
542.3827981948853,0.030054201643152173,0.9607418542733637
542.3865530490875,0.030054201643152173,0.9607271514204602
542.390435218811,0.030054201643152173,0.9606821954550581
542.3922550678253,0.030054201643152173,0.9606159130275735
542.3954591751099,0.030054201643152173,0.9603416511175569
542.3982081413269,0.030054201643152173,0.9590569185589195
545.2089719772339,0.030054201643152173,0.9590372149721333
545.2110221385956,0.030054201643152173,0.9587789253451131
545.2131500244141,0.030054201643152173,0.9587680164150636
545.2151291370392,0.030054201643152173,0.9587472621170942
545.2180869579315,0.030054201643152173,0.9587388881029109
545.2230651378632,0.030054201643152173,0.9585135838176904
545.2260990142822,0.030054201643152173,0.9576962256272743
547.8785979747772,0.030054201643152173,0.9575944149591377
547.8806309700012,0.030054201643152173,0.9571375032549923
547.8821198940277,0.030054201643152173,0.9571146659109846
547.8844878673553,0.030054201643152173,0.9570130271656716
547.8865280151367,0.030054201643152173,0.9569765425665564
547.8896000385284,0.030054201643152173,0.9564681335090903
547.8918609619141,0.030054201643152173,0.9563685651864025
547.8938829898834,0.030054201643152173,0.9559596825798353
550.2766380310059,0.030054201643152173,0.9556080095057337
550.2783081531525,0.030054201643152173,0.9556004435170897
550.2827270030975,0.030054201643152173,0.9555511088514372
550.2860140800476,0.030054201643152173,0.955390530481496
550.2883100509644,0.030054201643152173,0.955189076163195
550.2905180454254,0.030054201643152173,0.9551400791867621
552.7921211719513,0.030054201643152173,0.9551008704823879
552.7939279079437,0.030054201643152173,0.9549351480782333
552.7967748641968,0.030054201643152173,0.9549078230504041
552.7989408969879,0.030054201643152173,0.9548937265504756
552.8023979663849,0.030054201643152173,0.9548605383732901
552.8050320148468,0.030054201643152173,0.9547745135675051
552.8070600032806,0.030054201643152173,0.9542461117198968
555.532781124115,0.030054201643152173,0.9540022993011592
555.5344641208649,0.030054201643152173,0.9539746483127087
555.5373902320862,0.030054201643152173,0.9538062847987425
555.5392329692841,0.030054201643152173,0.9537757702385585
555.5422620773315,0.030054201643152173,0.9535347457708984
555.5442991256714,0.030054201643152173,0.9534723268609689
555.5473680496216,0.030054201643152173,0.9534451479188799
555.550684928894,0.030054201643152173,0.9519805171422623
558.1909470558167,0.030054201643152173,0.9519588253402618
558.1924171447754,0.030054201643152173,0.9517063473796252
558.1943521499634,0.030054201643152173,0.951614385464657
558.1965110301971,0.030054201643152173,0.9515512209503119
558.1989870071411,0.030054201643152173,0.951546335419499
558.2014532089233,0.030054201643152173,0.9515452112066758
558.2040829658508,0.030054201643152173,0.951479119668196
558.206197977066,0.030054201643152173,0.9500374440141232
560.9462900161743,0.030054201643152173,0.9499660903162799
560.9489212036133,0.030054201643152173,0.9499510764074215
563.560622215271,0.030054201643152173,0.9496169475420196
563.5634241104126,0.030054201643152173,0.9493901751966212
563.5658481121063,0.030054201643152173,0.9492303747876419
563.5687448978424,0.030054201643152173,0.9489030978901674
563.5708742141724,0.030054201643152173,0.9488640738432962
563.576092004776,0.030054201643152173,0.948640565454162
563.5785789489746,0.030054201643152173,0.9482418253699453
566.2873239517212,0.030054201643152173,0.9481070945973316
566.2901151180267,0.030054201643152173,0.947972820077048
566.2947809696198,0.030054201643152173,0.9478665096380774
566.297770023346,0.030054201643152173,0.9478120480815924
566.3001720905304,0.030054201643152173,0.9478041239317188
566.3035521507263,0.030054201643152173,0.947425904885034
568.9057869911194,0.030054201643152173,0.9472279138915589
568.9079899787903,0.030054201643152173,0.9471744410033839
568.9097599983215,0.030054201643152173,0.9470337852922668
568.9111249446869,0.030054201643152173,0.9470118379143666
568.9127910137177,0.030054201643152173,0.9470079995480343
568.9147310256958,0.030054201643152173,0.9469378794761677
568.9180250167847,0.030054201643152173,0.9469068193038528
568.9201610088348,0.030054201643152173,0.9467530003630993
572.0073349475861,0.030054201643152173,0.9467505307917918
572.0096299648285,0.030054201643152173,0.9467435263752408
572.0122630596161,0.030054201643152173,0.9467255168100568
572.0139529705048,0.030054201643152173,0.9466690251560449
572.0171589851379,0.030054201643152173,0.9466434748061284
572.0193128585815,0.030054201643152173,0.9465875360002508
572.0216310024261,0.030054201643152173,0.946583941747541
572.0245199203491,0.030054201643152173,0.9458512243987077
574.6107640266418,0.030054201643152173,0.9456579413545367
574.6123461723328,0.030054201643152173,0.9455280554642587
574.61390209198,0.030054201643152173,0.9454228238753557
574.6164591312408,0.030054201643152173,0.9453698537365122
574.6180112361908,0.030054201643152173,0.9453582489412105
574.6193900108337,0.030054201643152173,0.9453090528856658
574.6217379570007,0.030054201643152173,0.9452962839474752
574.6242780685425,0.030054201643152173,0.9447492534066871
579.7172770500183,0.030054201643152173,0.9447288068079024
579.7193019390106,0.030054201643152173,0.9445102824955302
579.7222011089325,0.030054201643152173,0.9444562564495248
579.7247071266174,0.030054201643152173,0.9444496333002488
579.7271220684052,0.030054201643152173,0.9444303178004961
579.7297229766846,0.030054201643152173,0.9443954536639705
582.3389871120453,0.030054201643152173,0.9442884976581726
582.3419041633606,0.030054201643152173,0.944015971270071
582.3446269035339,0.030054201643152173,0.943837816176034
582.34743309021,0.030054201643152173,0.9437587976340093
582.3493549823761,0.030054201643152173,0.9436772177509287
582.3511319160461,0.030054201643152173,0.9436612707163925
582.3527131080627,0.030054201643152173,0.9436119943144078
582.3552169799805,0.030054201643152173,0.9431341587934603
585.0818541049957,0.030054201643152173,0.9427435006029656
585.0844612121582,0.030054201643152173,0.9426876475687717
585.0860521793365,0.030054201643152173,0.942509354844814
585.0879559516907,0.030054201643152173,0.9423610337442547
585.0913169384003,0.030054201643152173,0.9421851878554766
585.0953280925751,0.030054201643152173,0.9421452744283035
585.0983049869537,0.030054201643152173,0.9421337599875539
585.1000881195068,0.030054201643152173,0.9420167167156854
587.8462641239166,0.030054201643152173,0.9417658462388385
587.8483819961548,0.030054201643152173,0.9417213426989468
587.8501079082489,0.030054201643152173,0.9414908235162914
587.8517570495605,0.030054201643152173,0.941342929688186
587.8528089523315,0.030054201643152173,0.9413336408881958
587.8544540405273,0.030054201643152173,0.9412823096248979
587.8561861515045,0.030054201643152173,0.9411902340623164
587.8583550453186,0.030054201643152173,0.940794186614236
590.8296670913696,0.030054201643152173,0.9404483407574582
594.227961063385,0.030054201643152173,0.9403617162723106
597.3209550380707,0.030054201643152173,0.9398046698985871
597.3222970962524,0.030054201643152173,0.9397868116603825
597.3242030143738,0.030054201643152173,0.9397142666901979
597.3271040916443,0.030054201643152173,0.939425567469439
597.3325171470642,0.030054201643152173,0.9394168072430324
597.3373582363129,0.030054201643152173,0.9382066894635062
600.0056660175323,0.030054201643152173,0.9379334048596427
600.0078210830688,0.030054201643152173,0.9378600998672877
600.0103931427002,0.030054201643152173,0.9377637729249819
600.0132842063904,0.030054201643152173,0.9376921102110807
600.0169541835785,0.030054201643152173,0.9376772804639929
600.019748210907,0.030054201643152173,0.937665969829475
600.0219521522522,0.030054201643152173,0.9376563503705534
600.02450299263,0.030054201643152173,0.937550352076977
